geoid,name,B01002000.5,"B01002000.5, Error",total,"B01002001, Error",male,"B01002002, Error",female,"B01002003, Error"
04000US39,56,,,39.3,0.1,37.8,0.1,40.8,0.1
86000US16159,16159,,,47.3,4.5,50.4,4.2,45.5,3.2
86000US43001,43001,,,39.3,7.9,36.1,5.7,42.9,6.3
86000US43002,43002,,,32.7,2.6,32.9,6.5,32.1,4.6
86000US43003,43003,,,41.3,5.3,41.6,9,41.1,4.5
86000US43004,43004,,,34.9,1.4,33.2,3,37.3,1.7
86000US43005,43005,,,59.3,11.6,60.5,3.5,44.7,12.8
86000US43006,43006,,,50.5,8.2,48.8,7.8,56.3,11.1
86000US43008,43008,,,37.7,6.7,39,8.3,37.5,8
86000US43009,43009,,,40.4,6.4,41.7,9.6,39.4,5.5
86000US43010,43010,,,38.2,8.6,38.4,9.4,37.5,10.4
86000US43011,43011,,,38.8,3.8,35.1,6.6,41.4,3
86000US43013,43013,,,44.4,8.4,39.1,8.3,50.5,13.1
86000US43014,43014,,,37.5,5.4,38.5,6.1,34.9,6
86000US43015,43015,,,36.1,0.8,36,0.9,36.1,1.1
86000US43016,43016,,,36.7,1.1,35.3,1.3,38.2,1.5
86000US43017,43017,,,38,1,37.9,1.4,38.2,2
86000US43019,43019,,,38.2,1.9,38.9,3.2,38,1.6
86000US43021,43021,,,39.9,1.5,40.3,2,39.6,2.1
86000US43022,43022,,,21.8,0.7,21.9,1,21.7,0.8
86000US43023,43023,,,34.3,2.1,34.6,1.8,33.5,4
86000US43025,43025,,,48.9,3.1,48.4,4.5,49.3,3.1
86000US43026,43026,,,34.7,0.9,33.2,1.2,35.7,1
86000US43028,43028,,,45,3.2,43.9,3.2,45.8,4.4
86000US43029,43029,,,35.1,15.7,25,6.6,37.4,14.6
86000US43030,43030,,,0,0,0,0,0,0
86000US43031,43031,,,42.7,2,42.5,2.1,43,3.6
86000US43032,43032,,,56.4,0.7,56.4,2.5,0,0
86000US43033,43033,,,51.2,8.1,56,10.8,50.4,6.6
86000US43035,43035,,,33.3,0.8,32.9,1.4,33.6,1.2
86000US43036,43036,,,43.3,13.4,42.7,12.4,43.7,24.4
86000US43037,43037,,,33.5,10.5,26.7,8.5,36.7,6.9
86000US43040,43040,,,36.8,0.7,35.8,1.1,37.6,1.2
86000US43044,43044,,,44.3,2.8,40.5,3.1,46.1,2
86000US43045,43045,,,43.6,6.4,42.3,7.5,44.4,6.8
86000US43046,43046,,,45.5,4,43.5,5.7,50.5,4.1
86000US43050,43050,,,41.4,1.5,41.1,2.5,41.9,2
86000US43054,43054,,,35.2,1.1,35.3,0.8,35.1,2
86000US43055,43055,,,37.8,1.2,35.1,1.1,40.6,1.5
86000US43056,43056,,,43.3,1.8,42.6,2.2,43.8,3.2
86000US43060,43060,,,36.9,2.5,34.9,5,38.3,3.5
86000US43061,43061,,,45.7,4.1,46.8,5.8,44.9,3.5
86000US43062,43062,,,39.3,1.5,38.2,1.5,40.5,1.4
86000US43064,43064,,,38,2.1,38.6,3.2,37.6,2.4
86000US43065,43065,,,39.3,0.8,38.2,1.1,40.1,1
86000US43066,43066,,,49.3,4.6,49.2,4.4,49.7,6.8
86000US43067,43067,,,41.3,7.9,42.5,7.9,39.5,11
86000US43068,43068,,,34.2,1,32,2.5,35.5,1.5
86000US43070,43070,,,40.8,27.3,53.7,21.6,36.1,62.7
86000US43071,43071,,,47.5,8.9,50.2,13.3,45.6,6.2
86000US43072,43072,,,44.2,1.5,44.5,2.1,43.8,2.8
86000US43074,43074,,,41.1,2,39.5,4.8,42.5,2
86000US43076,43076,,,48.8,2.6,48.5,4.7,49.1,2.3
86000US43077,43077,,,48.2,10.5,45.7,11.2,51.1,13.8
86000US43078,43078,,,41.8,1.4,40.5,2.8,43,1.2
86000US43080,43080,,,37.9,5.8,35.6,5.3,40.1,5.9
86000US43081,43081,,,36.5,0.9,34.9,1.3,39.2,1.7
86000US43082,43082,,,42.6,1,42.4,1.1,42.9,1.5
86000US43084,43084,,,41.1,5.2,40.8,8.1,41.8,7.5
86000US43085,43085,,,38.2,1,36.3,1.3,40.5,1.1
86000US43101,43101,,,44.5,10.3,41,14.9,48.5,12.3
86000US43102,43102,,,41.4,3.7,41.1,4,41.5,5.3
86000US43103,43103,,,36.5,2.1,33.7,4.1,38.5,2.5
86000US43105,43105,,,41.4,3.1,38.9,2.6,43.3,4.2
86000US43106,43106,,,35.9,5.9,31.9,9.5,39.1,6.6
86000US43107,43107,,,41.7,5.1,39,7.3,43.2,3.2
86000US43109,43109,,,50.8,6.2,54.1,9.5,50,7.4
86000US43110,43110,,,33,1.8,33.2,2.5,32.7,2.7
86000US43111,43111,,,43.5,24.3,26.5,34.1,46,45.2
86000US43112,43112,,,47,2.6,46.9,3.7,47.3,2.8
86000US43113,43113,,,41.2,1.1,39.3,1.5,44,1.8
86000US43115,43115,,,34.9,3.9,34.9,6.2,34.8,9.3
86000US43116,43116,,,32.1,2.1,31.6,3.3,32.4,2.2
86000US43117,43117,,,27.8,15,33.4,10.4,17,20.6
86000US43119,43119,,,34.6,1.3,34.6,1.6,34.7,2.5
86000US43123,43123,,,38.7,1.1,36.8,1.7,40.8,1.4
86000US43125,43125,,,37.4,3.4,35.5,3.4,39.5,6.6
86000US43126,43126,,,39.5,6.9,37.2,8,43.5,13.6
86000US43127,43127,,,30.1,43.9,22.9,51.1,30.4,48.6
86000US43128,43128,,,36.7,5.2,35.6,4,38.5,6.9
86000US43130,43130,,,40.2,1,38.6,1.1,42.6,1.1
86000US43135,43135,,,47.1,2.9,46.2,4.6,47.8,2.8
86000US43136,43136,,,35.6,8.3,38.2,12,35.3,11.1
86000US43137,43137,,,47.6,4.6,47.5,5.6,47.8,6.7
86000US43138,43138,,,41.4,1.7,40.8,2,42,1.9
86000US43140,43140,,,40.3,0.9,38.7,1.2,42.8,1.7
86000US43142,43142,,,32.5,32.9,45.3,11.2,15.6,18.5
86000US43143,43143,,,44.7,3.9,44.2,3.4,45.4,4.8
86000US43144,43144,,,50,11.2,45.2,11.4,52.7,11.9
86000US43145,43145,,,43.3,6.6,41.4,10.4,43.7,7.4
86000US43146,43146,,,39.6,1.3,38.6,1.8,43.9,4.3
86000US43147,43147,,,37.3,1.1,36.2,1.3,38.5,1.1
86000US43148,43148,,,37.6,5.1,39.3,4.6,36.8,7.1
86000US43149,43149,,,40.4,6.2,40.1,7.6,41.4,7.5
86000US43150,43150,,,47.1,6.7,47.3,8.3,46.8,7.8
86000US43151,43151,,,44,10.6,38.8,17.2,45,10.8
86000US43152,43152,,,44.1,13.1,40.8,13.4,49.3,17.6
86000US43153,43153,,,45.4,3.3,46.5,3.8,44.1,3.3
86000US43154,43154,,,37.6,3.4,35.8,4.4,38.7,5.2
86000US43155,43155,,,45.8,5,43.4,10.9,46.5,3.7
86000US43156,43156,,,45.4,4.8,43.7,8,45.6,5.8
86000US43157,43157,,,35.5,9.2,36.5,9.5,35.4,12.2
86000US43158,43158,,,55.7,10,51.2,12.7,56.7,2.6
86000US43160,43160,,,41.2,1,38.8,1.4,42.6,1.4
86000US43162,43162,,,43.4,1.9,43.1,2.3,44.2,2.8
86000US43164,43164,,,35.8,2.8,34.9,4.2,36.1,3.3
86000US43201,43201,,,22.7,0.2,23.1,0.5,22.4,0.3
86000US43202,43202,,,27.8,0.9,27.6,1.1,28.1,1.1
86000US43203,43203,,,32,2.1,33.2,3.6,31.5,1.8
86000US43204,43204,,,35.7,1.4,35.7,2,35.7,1.7
86000US43205,43205,,,32.7,1.4,33.1,2.6,32.3,1.4
86000US43206,43206,,,34.6,1.4,36.2,2,32.9,1.2
86000US43207,43207,,,37,1.2,35.8,1.5,38.1,1.5
86000US43209,43209,,,36.4,1.3,35.5,1.4,37.4,2.1
86000US43210,43210,,,19.4,0.1,19.5,0.1,19.3,0.1
86000US43211,43211,,,30.6,1.7,27.5,1.7,33.4,2.6
86000US43212,43212,,,30.8,0.6,30.6,0.7,31,1
86000US43213,43213,,,34.4,1.2,32.9,1.8,35.4,2
86000US43214,43214,,,40.7,1.3,38.6,2,42.7,2
86000US43215,43215,,,30.9,0.8,31.3,0.8,30.4,1
86000US43217,43217,,,25.7,1.8,23.8,4.6,26.8,2.8
86000US43219,43219,,,30.6,1.3,29.6,2.4,31.7,2.6
86000US43220,43220,,,35.7,1.5,34.3,1,38,1.4
86000US43221,43221,,,38,1.5,37,1.3,39,1.8
86000US43222,43222,,,32,4,31.8,7.2,33.1,3.8
86000US43223,43223,,,35.4,1.8,35.4,2.5,35.3,2.1
86000US43224,43224,,,34.1,1.4,33.4,1,35.3,1.4
86000US43227,43227,,,35.4,1.1,34.6,2,35.9,1.4
86000US43228,43228,,,31.6,0.8,31.7,1.1,31.5,1.2
86000US43229,43229,,,33.7,0.9,33.5,1.1,34,1.4
86000US43230,43230,,,36.6,0.9,35.5,1.1,38.2,1.3
86000US43231,43231,,,32.7,2.1,30.6,3.2,34,2.6
86000US43232,43232,,,34.3,1.3,32.2,1.6,36.1,2.2
86000US43235,43235,,,36.2,1.3,35.1,0.9,37.6,1.3
86000US43240,43240,,,31.5,1.4,31.1,1.9,31.9,5.7
86000US43302,43302,,,40.5,0.8,38.6,0.8,43.1,1
86000US43310,43310,,,43.4,4.7,41,5.9,45.2,4.6
86000US43311,43311,,,37.5,1.7,36.4,1.9,38.4,1.9
86000US43314,43314,,,43.6,6.8,43.6,7.9,43.7,8.8
86000US43315,43315,,,41,3.1,41.8,2.3,39.8,3.7
86000US43316,43316,,,38.6,2,38.9,3,38.4,2.4
86000US43317,43317,,,44,28.1,34.5,15.6,63.1,17.9
86000US43318,43318,,,30.6,6.1,27.8,8.8,31.7,6.8
86000US43319,43319,,,52.1,12.8,54,8.3,48.4,12.6
86000US43320,43320,,,42.8,8.3,42.6,5,43.7,14.2
86000US43321,43321,,,39.7,13.2,47.8,15,32.3,16.7
86000US43322,43322,,,40,9.5,35.3,11.1,43.7,8
86000US43323,43323,,,49.3,4.9,49.6,4.2,46.9,7.8
86000US43324,43324,,,46.4,5.9,42.7,4.2,52.2,6.8
86000US43326,43326,,,39.8,2,37.8,2.9,41.9,2
86000US43330,43330,,,31.8,11,26.7,8,36.9,7.2
86000US43331,43331,,,53.1,3.3,54.7,3.1,52.2,3.2
86000US43332,43332,,,42.3,8.1,44,11.6,40.9,9.2
86000US43333,43333,,,51,5.4,51.5,8.5,50.7,6.9
86000US43334,43334,,,45.4,4.3,41.7,5.6,48.6,4.8
86000US43336,43336,,,0,0,0,0,0,0
86000US43337,43337,,,49.6,9.2,48.7,9.3,51.2,12.7
86000US43338,43338,,,42.8,3.8,41.4,5.4,44.2,4.2
86000US43340,43340,,,31.8,7.6,31,8.8,33.4,6.8
86000US43341,43341,,,40.1,14.1,40.6,12.2,39.6,21.3
86000US43342,43342,,,41.2,6,40.6,6.3,42,7.3
86000US43343,43343,,,34.7,7.5,28.3,10.2,41.1,7.2
86000US43344,43344,,,37.8,3.8,36.7,4.6,38.6,4.1
86000US43345,43345,,,43.8,6.3,47.4,8.5,42.6,7.2
86000US43347,43347,,,41.5,9.2,42,10.9,39.5,8.6
86000US43348,43348,,,48.6,2.9,49.6,4,47.4,10.2
86000US43351,43351,,,40.8,2.8,39.8,1.7,43.7,4.8
86000US43356,43356,,,37.3,18.7,47.3,29.2,37.2,10.4
86000US43357,43357,,,47.7,3.2,45.7,4.8,49.1,4.2
86000US43358,43358,,,45.7,6.7,42.9,8.8,46.3,5.3
86000US43359,43359,,,40.4,10.4,40.6,9.8,39.8,13.5
86000US43360,43360,,,40,7.1,40.2,7.7,39.7,9.2
86000US43402,43402,,,27.7,1,27.2,1.4,28.2,1.6
86000US43403,43403,,,19.4,0.1,19.6,0.2,19.3,0.1
86000US43406,43406,,,39.2,4.8,43.2,3.5,34.8,6.5
86000US43407,43407,,,40.9,12.4,40.5,9.2,43.7,18.3
86000US43408,43408,,,38.2,11.7,39.3,12,32.6,15.3
86000US43410,43410,,,40.4,3.2,39.6,6,40.5,3.2
86000US43412,43412,,,46.8,4,44.5,4.4,49.2,4
86000US43413,43413,,,33.9,6.7,33.6,9.5,34.5,8.5
86000US43416,43416,,,45.5,2.8,45,4.4,49.1,4.2
86000US43420,43420,,,41.4,1,39.4,1.5,43.9,1.1
86000US43430,43430,,,42.3,3.3,42.6,3.7,41.8,6.3
86000US43431,43431,,,41.8,3.9,38.9,6.6,43,3.1
86000US43432,43432,,,50.1,6.7,51.5,7.8,47.1,9.1
86000US43433,43433,,,54.9,13.3,0,0,0,0
86000US43434,43434,,,55.2,10.5,49.5,17.1,55.5,8.5
86000US43435,43435,,,50.9,3.4,51,4.1,50.8,3.2
86000US43437,43437,,,30.8,8.4,32.6,8.7,29.1,7.6
86000US43438,43438,,,66.6,2,66.9,2.9,65.7,3.4
86000US43439,43439,,,58.6,22.4,0,0,0,0
86000US43440,43440,,,60,1.7,60.6,2.1,59,2.2
86000US43442,43442,,,36.3,7.5,33.1,7.4,40.4,7.8
86000US43443,43443,,,41.3,4,40.3,6.9,42.1,3.6
86000US43445,43445,,,43.9,10.2,34.9,15,49.7,10.4
86000US43446,43446,,,66.5,4.9,67,5.1,66.3,7.4
86000US43447,43447,,,42.9,6.1,40.2,6.3,46.1,4.8
86000US43449,43449,,,42.9,2.8,40,3.4,43.7,2.7
86000US43450,43450,,,45.3,3,45,5.2,45.5,3.5
86000US43451,43451,,,43.9,6.7,45,11.1,43.3,7.5
86000US43452,43452,,,50.3,1.5,49.1,2.9,51.1,1.5
86000US43456,43456,,,56.8,8.1,56.8,6.1,53.9,9.5
86000US43457,43457,,,42.1,4.7,37.8,10.2,44.2,6.3
86000US43458,43458,,,31.3,6.2,34.3,7.1,27.7,14.5
86000US43460,43460,,,36.3,2,33.7,4.9,40.1,2.8
86000US43462,43462,,,39.6,6.1,31.4,14,44.5,2.3
86000US43463,43463,,,60.8,15.7,60.5,20.7,62.4,51.3
86000US43464,43464,,,38.1,10.3,45.2,22.5,32.9,20.2
86000US43465,43465,,,47,4.5,46.3,6.2,48.1,5.1
86000US43466,43466,,,42.3,4,41.4,3.9,43.5,6.6
86000US43467,43467,,,26.5,17.4,19.5,11.9,35.6,20.7
86000US43468,43468,,,57.5,4.1,58.7,5.4,56,9.1
86000US43469,43469,,,40.9,5.7,36.1,8.6,42.2,3.6
86000US43501,43501,,,41.7,7.6,38.7,6,44.8,5.4
86000US43502,43502,,,36.6,3,35.9,1.3,39,4.4
86000US43504,43504,,,46,2.3,45.2,4.6,46.4,2
86000US43505,43505,,,57,32.2,56.3,29.3,71.3,80.2
86000US43506,43506,,,43.1,1.7,38.6,2.5,46.3,1.6
86000US43511,43511,,,48.4,4,46.6,6.6,49.8,6.6
86000US43512,43512,,,39.9,1.1,37.7,0.9,42.4,2.1
86000US43515,43515,,,39.8,1.8,39.8,2.5,39.9,2.2
86000US43516,43516,,,37.5,4.9,37.9,6.5,37.4,4.4
86000US43517,43517,,,41.3,3.2,43.1,3.5,40.1,3.1
86000US43518,43518,,,43.6,6,39.4,9.4,44.3,2.1
86000US43519,43519,,,23.9,15.8,17.3,22.9,33.2,33.2
86000US43521,43521,,,37.9,4.9,35,5,41.4,7.6
86000US43522,43522,,,46,4,42.7,6.2,48.6,3.4
86000US43523,43523,,,0,0,0,0,0,0
86000US43524,43524,,,38.7,9.3,33.2,4.9,46,6.2
86000US43525,43525,,,35.2,3.9,33.4,3.8,37.7,5.2
86000US43526,43526,,,40.7,3.1,42.9,4,39.6,3
86000US43527,43527,,,46,4.4,45.2,5.8,46.6,4
86000US43528,43528,,,41.3,2.5,40.3,4.3,42.5,3.7
86000US43529,43529,,,33.4,3.3,33,6,33.7,4.1
86000US43531,43531,,,39.2,28.3,18.9,9.8,42.6,23.4
86000US43532,43532,,,41.6,4.2,39.1,7.4,43,2.7
86000US43533,43533,,,39.5,8.2,35.8,8.3,41,7.2
86000US43534,43534,,,38.7,7.8,38.6,10,39,7.9
86000US43535,43535,,,40,8.8,39,9.1,41.4,11.4
86000US43536,43536,,,35.8,23.3,33.3,35.8,37.2,22.2
86000US43537,43537,,,42.9,1.5,42.3,1.7,43.6,1.8
86000US43540,43540,,,37.7,6.6,36.8,6.9,40.4,12.3
86000US43541,43541,,,31.9,15.2,43.8,18.6,31.1,7.5
86000US43542,43542,,,42.8,7.7,43.5,6.4,39.6,5.1
86000US43543,43543,,,42.6,3,44.5,4.4,40.5,4.4
86000US43545,43545,,,41.3,1.2,39.8,2.4,41.7,1.2
86000US43547,43547,,,50.4,19,44.1,30.6,52.4,11.6
86000US43548,43548,,,41.7,10.6,44,3.1,33.2,9.8
86000US43549,43549,,,41.8,7.8,41.1,8.4,44.5,8.2
86000US43551,43551,,,38.4,1.3,37,1.7,39.5,1.2
86000US43553,43553,,,26.7,15.1,33.3,11.7,23.8,13.5
86000US43554,43554,,,38,3.6,38.8,4.1,37,5.3
86000US43555,43555,,,24.8,4.9,26.2,4,24.3,6.8
86000US43556,43556,,,39.9,5.1,39.4,7.1,40.8,6.3
86000US43557,43557,,,37,3,36.8,2.7,37.2,5.5
86000US43558,43558,,,46.1,2.3,44.5,2.6,48.2,2.3
86000US43560,43560,,,41.3,1.3,38.5,1.5,43.5,1.1
86000US43565,43565,,,43.2,6.2,43.4,5.1,41.9,9
86000US43566,43566,,,42.6,3.8,40.4,3.9,44.8,6.7
86000US43567,43567,,,40.5,2.6,38.9,4.2,41.1,4.1
86000US43569,43569,,,35.8,2.7,35.3,2.3,37.8,4.9
86000US43570,43570,,,41.6,3.9,42.5,5.7,41.2,4.5
86000US43571,43571,,,42.8,2.8,42.1,3.3,43.4,3.9
86000US43604,43604,,,31.9,2.4,33.3,2.9,31.2,2.4
86000US43605,43605,,,32.5,1.4,31.3,2,33.9,2.8
86000US43606,43606,,,31.3,1.7,29.5,1.3,33.5,2.4
86000US43607,43607,,,33.3,2.1,27.8,1.8,36.3,2.8
86000US43608,43608,,,32.5,1.4,30.4,1.9,35.1,2.8
86000US43609,43609,,,31.7,2.8,30.4,3.2,33.3,3.5
86000US43610,43610,,,32.3,3.8,30.9,2.9,34.8,3.9
86000US43611,43611,,,38.9,2,37.8,2.8,39.6,2.2
86000US43612,43612,,,33.8,1.2,33.3,1.6,34.2,1.5
86000US43613,43613,,,36.9,1.3,35.5,2,38.1,1.6
86000US43614,43614,,,39.9,1.7,37.4,2.4,42.6,4.3
86000US43615,43615,,,38.1,2,36.7,2.3,38.9,2
86000US43616,43616,,,44.3,1.3,43.7,2,44.8,1.5
86000US43617,43617,,,47,2.8,47,3.4,47.1,4.2
86000US43619,43619,,,41.2,6.4,36,4.7,45.3,7.9
86000US43620,43620,,,41,2.2,40.5,5.1,41.4,2.6
86000US43623,43623,,,43.4,1.2,40.6,2.1,45.9,3
86000US43701,43701,,,41.1,1,38.7,1.2,42.9,1
86000US43711,43711,,,17.4,1.8,13.8,2.7,0,0
86000US43713,43713,,,40.7,4,40.7,3.6,39.9,13
86000US43716,43716,,,44.6,12.2,34.3,14,51.5,3.4
86000US43717,43717,,,56,6.8,59.3,5.4,45.3,13.8
86000US43718,43718,,,41,3.4,37.7,4.1,43.6,3.4
86000US43719,43719,,,47.2,2.9,46.4,4.7,48.1,2.9
86000US43720,43720,,,44.2,9.2,41.4,10.7,48.7,11.3
86000US43721,43721,,,0,0,0,0,0,0
86000US43722,43722,,,55.4,14.3,50.1,17.9,57.2,10.2
86000US43723,43723,,,34.9,2.9,33.3,4,38.2,6.8
86000US43724,43724,,,44.7,2.9,41.5,4.4,48.5,1.2
86000US43725,43725,,,42.4,2.1,40.2,1.6,44.6,1.6
86000US43727,43727,,,50.4,8.8,51.5,5.8,49.2,13.8
86000US43728,43728,,,33.9,6,37.8,5.8,32.2,5.7
86000US43730,43730,,,34.4,9.9,30.9,5.3,42.2,15.5
86000US43731,43731,,,43.5,2.6,43.5,2.9,43.5,3.7
86000US43732,43732,,,53.8,5.1,54.1,6.8,53.5,4.8
86000US43733,43733,,,0,0,0,0,0,0
86000US43734,43734,,,34.4,4.2,33.8,5.9,34.8,5.1
86000US43735,43735,,,38.8,5.8,39.2,3.2,37,13.6
86000US43736,43736,,,41.9,20.3,33,26.3,50.1,21.4
86000US43738,43738,,,30.8,19.7,25,18.7,44.5,23.4
86000US43739,43739,,,38.4,5.3,38.9,5.4,37.9,6.9
86000US43740,43740,,,31.4,18.9,25.6,19.9,43.5,28.4
86000US43746,43746,,,43.1,9,46.3,6.4,38.8,12
86000US43747,43747,,,25.5,26.1,25.8,34.8,24.8,21.1
86000US43748,43748,,,38.5,7.1,37.1,12.2,43.1,7.8
86000US43749,43749,,,45.1,4.9,45.7,5.3,42.5,6.4
86000US43750,43750,,,44.2,5.4,42.8,4.2,47.3,15.2
86000US43754,43754,,,39.1,6.2,38.1,7,39.7,9.6
86000US43755,43755,,,48.4,8.5,52.3,11.6,46.5,8.8
86000US43756,43756,,,49.4,5.2,44.9,5.4,51.4,2.8
86000US43758,43758,,,42.6,3.9,41.2,4.3,43.6,3.6
86000US43759,43759,,,58.9,5.4,55.9,11.6,59.5,5.4
86000US43760,43760,,,38.2,10,36,7.3,40.5,21.4
86000US43761,43761,,,0,0,0,0,0,0
86000US43762,43762,,,30.1,2.8,30.1,3.5,30,3.8
86000US43764,43764,,,36.1,2.9,38.8,4.3,34.9,2.1
86000US43766,43766,,,39.1,3.8,36.6,3.7,41.3,8.6
86000US43767,43767,,,45.5,6.6,45.6,9.1,45.3,11.2
86000US43768,43768,,,41.5,8.1,37,11.3,43.8,16.7
86000US43771,43771,,,41.3,5,41.4,4.5,41,7.1
86000US43772,43772,,,50.4,8.1,54.5,10.3,45,9.4
86000US43773,43773,,,43.4,4,43.5,6.3,43.2,3.8
86000US43777,43777,,,37.2,3.7,37.9,5.5,36.8,3.5
86000US43778,43778,,,37.1,12.4,32.8,12.3,37.8,16.1
86000US43779,43779,,,56,2.6,59,6.2,44.7,10.8
86000US43780,43780,,,51.1,8.7,52.7,10.8,49.4,8.1
86000US43782,43782,,,33.7,4.6,37.3,5.3,31.1,9.2
86000US43783,43783,,,47.8,3.9,45.7,5.1,49.1,3.7
86000US43786,43786,,,54.5,7.3,55.1,7.3,53.8,17.2
86000US43787,43787,,,46.7,7.5,45.9,7.5,48.2,8.2
86000US43788,43788,,,41.1,13.1,48.8,17,36.1,11.1
86000US43793,43793,,,50.7,2.4,51.5,2.9,50.2,2.5
86000US43802,43802,,,30.7,4.9,30,8.4,31,5
86000US43804,43804,,,22.9,6.2,27.9,9.7,21.8,5.3
86000US43805,43805,,,59.3,20.1,59.2,1.5,0,0
86000US43811,43811,,,40.3,7.2,39.7,8.4,40.5,9.1
86000US43812,43812,,,42.3,1.6,40.2,2,44.5,1.5
86000US43821,43821,,,41.4,3.5,41,3.9,41.9,5.8
86000US43822,43822,,,44.4,3.9,44.6,4.6,44.2,4.4
86000US43824,43824,,,34.2,3.5,35.1,3,33.4,5.8
86000US43830,43830,,,40.4,5.3,37.7,4.9,43.7,7.3
86000US43832,43832,,,38.7,3.3,36,2.8,39.8,3.5
86000US43836,43836,,,52.5,11.2,53.5,12.5,52,15.5
86000US43837,43837,,,42.5,5.7,39.1,8.4,46.5,9.4
86000US43840,43840,,,44.1,5.3,44.7,6.4,43.6,10.5
86000US43842,43842,,,55.3,12.4,51,23.7,55.3,12.2
86000US43843,43843,,,31.5,14,28.5,12.4,36.4,15.9
86000US43844,43844,,,43.9,4,41.4,6.4,49.2,6.1
86000US43845,43845,,,45.3,2.9,42,4.2,46.7,3.6
86000US43901,43901,,,51.3,4,52.5,3.5,48,8.2
86000US43902,43902,,,8,36.9,0,0,7.3,10.1
86000US43903,43903,,,43.5,8.6,42.3,9.8,44,10.8
86000US43905,43905,,,80,14.3,80.8,0.9,77.1,29.7
86000US43906,43906,,,43.4,2.8,38.7,3,45,3.3
86000US43907,43907,,,48.6,3.4,49.9,6,48.1,2.8
86000US43908,43908,,,35.2,3.7,34.6,6.8,36,3.7
86000US43910,43910,,,51.3,6.3,50.5,7.6,52.3,6.3
86000US43912,43912,,,45.4,2.9,44.4,3.1,47.5,4.8
86000US43913,43913,,,38.4,5.7,35.9,6.6,41.3,5.8
86000US43914,43914,,,46.2,16,33.4,17.6,57.5,6.9
86000US43915,43915,,,49.5,6.8,52.2,6.3,44.5,7.2
86000US43917,43917,,,47.4,8.1,48.2,6.7,46.7,11.5
86000US43920,43920,,,40,1.6,38.9,1.3,42.1,2.3
86000US43925,43925,,,22.4,7.4,19.7,4.3,46.5,36.7
86000US43926,43926,,,42.5,6.4,46.2,8.9,38.8,8.6
86000US43927,43927,,,45.5,17.1,42.8,19.8,48.2,17.6
86000US43928,43928,,,0,0,0,0,0,0
86000US43930,43930,,,45.3,13.3,48.9,12.2,39.4,13.9
86000US43931,43931,,,47,10,25.9,35.2,51.7,7.2
86000US43932,43932,,,49.8,5.8,46.7,4.9,54.3,10.4
86000US43933,43933,,,45.2,4.1,43.7,3.7,46.4,7.3
86000US43934,43934,,,37.6,7.7,40.9,36.3,36.1,5.4
86000US43935,43935,,,45.8,2.5,41.8,3.7,50,4.4
86000US43938,43938,,,51,2.2,50.5,2.9,51.7,3.5
86000US43939,43939,,,37.2,12.4,45.4,8.6,31.7,10.7
86000US43940,43940,,,54.8,21.7,48.8,23.7,64.1,27
86000US43942,43942,,,48.9,3.7,48.5,13,48.9,2
86000US43943,43943,,,45.6,3.9,40.4,4,51.2,3.9
86000US43944,43944,,,47.7,3.5,46.5,5,48.3,3.1
86000US43945,43945,,,42.5,6,40.8,6.3,44.8,8.4
86000US43946,43946,,,47.4,6.5,49.1,4.3,43.4,10.4
86000US43947,43947,,,44.9,2.7,45.2,2.3,43.7,5.4
86000US43948,43948,,,29.5,4.9,30.2,12.7,29.2,4.4
86000US43950,43950,,,44.5,1.1,41,1.3,51.5,2
86000US43951,43951,,,39.6,28.8,43.1,45.9,39.4,18.9
86000US43952,43952,,,39.4,3,36.7,1.6,42.7,2.4
86000US43953,43953,,,47.1,2.1,46.9,3.6,47.3,2.7
86000US43961,43961,,,45.8,8.9,43.6,14,49.2,10.7
86000US43962,43962,,,44.9,19.8,44.9,16.5,45,28.2
86000US43963,43963,,,45.7,3.4,43.9,5.2,47.3,3.7
86000US43964,43964,,,46.3,2.2,44.6,2.8,48.5,4.1
86000US43967,43967,,,0,0,0,0,0,0
86000US43968,43968,,,45.3,3.7,43.1,8.1,45.8,3.9
86000US43970,43970,,,24.8,4.5,0,0,23.7,38.5
86000US43971,43971,,,41.7,5.8,34.3,9.5,49.2,4.3
86000US43972,43972,,,47,25,46.6,25.1,47.4,29.8
86000US43973,43973,,,48.1,4.4,45.9,9.7,50.6,4.8
86000US43974,43974,,,50.1,11.9,50.1,37.5,52.3,26.9
86000US43976,43976,,,47,4.9,47.1,4,46.5,8.8
86000US43977,43977,,,40.7,5.1,42.7,6.8,40.1,5.3
86000US43983,43983,,,43.1,7.5,43.3,6.1,39.6,19.3
86000US43985,43985,,,45.2,18.9,40.7,35.5,45.8,22.3
86000US43986,43986,,,29.3,5.6,27.4,7.6,30.2,5
86000US43988,43988,,,45.7,8.3,45.4,13.3,46,11.5
86000US44001,44001,,,47.6,1.4,45.4,2,49,1.4
86000US44003,44003,,,45.9,4.4,45.4,4.2,48,5.8
86000US44004,44004,,,42.9,1.4,41.1,2,44.3,1.8
86000US44010,44010,,,40.9,10.7,41,13.6,40.8,11.4
86000US44011,44011,,,40.1,1.2,39.7,2.2,40.5,1.3
86000US44012,44012,,,43.7,0.9,42.4,1.5,45.7,1.2
86000US44017,44017,,,37.8,1.4,36.5,2.5,39.7,2.5
86000US44021,44021,,,37.5,4,36.6,5.5,38.7,5.8
86000US44022,44022,,,48.6,1.4,45.9,2.2,50.4,0.9
86000US44023,44023,,,47.4,0.7,47.4,1.2,47.3,0.9
86000US44024,44024,,,44.3,0.9,42.8,1.7,45.3,0.9
86000US44026,44026,,,49.6,2.4,48.5,2.4,50.5,2.4
86000US44028,44028,,,45.6,1.5,45,2.5,45.9,1.5
86000US44030,44030,,,42,1.4,40.1,1.6,45.7,2.1
86000US44032,44032,,,37.7,10.6,42,11.3,33.1,13.3
86000US44035,44035,,,40.4,1,38.4,1.4,42,1.1
86000US44039,44039,,,40.8,1.1,39.3,1.7,42.3,1.7
86000US44040,44040,,,51.5,2.5,50.6,2.6,53.1,4.1
86000US44041,44041,,,46.3,1.8,46.1,2.5,47.1,3
86000US44044,44044,,,45.5,0.7,44.2,1.2,49,3
86000US44045,44045,,,39.9,13.9,35.5,9.3,45.8,18.6
86000US44046,44046,,,34.4,7.9,30.8,6.9,37.4,14.9
86000US44047,44047,,,41.5,3.8,39.7,4.9,44,4.1
86000US44048,44048,,,40,9.4,35.7,14.6,41.4,8.4
86000US44049,44049,,,52,9.9,53.8,9.2,49.3,17.4
86000US44050,44050,,,42.8,1.9,41.4,4.7,44.2,2.6
86000US44052,44052,,,36.3,1.4,34.1,2.1,38,2.3
86000US44053,44053,,,43.3,1.1,41.6,2.8,44.7,2
86000US44054,44054,,,40.5,2,38.7,3.3,42.2,3.4
86000US44055,44055,,,35.1,1.7,32.4,2.7,36.4,2
86000US44056,44056,,,44.4,2.5,42.8,2.8,46.1,3.5
86000US44057,44057,,,42,1.1,42.1,1.3,41.9,1.5
86000US44060,44060,,,46.6,0.6,43.9,1.1,48.4,0.8
86000US44062,44062,,,24.5,1.1,22.9,1.1,25.7,1.5
86000US44064,44064,,,41.4,3.7,42.5,3,39,6.3
86000US44065,44065,,,51.7,4.6,51.4,6.6,52,5.3
86000US44067,44067,,,44.9,1.3,42,1.7,47,1.7
86000US44070,44070,,,45.4,1.3,43.7,1.7,47.2,1.8
86000US44072,44072,,,50.1,2.3,51.1,3.6,47.8,4
86000US44074,44074,,,32.8,3.9,32.9,4.9,32.7,5.3
86000US44076,44076,,,33.4,3.2,32.7,3,35.1,6.6
86000US44077,44077,,,40.4,0.7,39.3,1.2,41.6,0.8
86000US44080,44080,,,63.6,5.8,64.2,2.9,0,0
86000US44081,44081,,,43.3,3.4,42.7,4.6,43.7,3.6
86000US44082,44082,,,21.8,31.9,20,34,29.9,23.5
86000US44084,44084,,,43.9,2.4,44.5,4.3,43.6,3.5
86000US44085,44085,,,43.9,8,39.4,6.1,48.2,5.7
86000US44086,44086,,,46.3,3.1,46.3,3.7,46.3,3.8
86000US44087,44087,,,42.1,1.6,40,2.6,44,1.9
86000US44089,44089,,,47.9,1.3,46.7,2.3,50,3
86000US44090,44090,,,44.9,1.7,44.5,2.9,45.1,2.7
86000US44092,44092,,,46.8,2.1,44.4,2.5,48.6,2.3
86000US44093,44093,,,40.8,8.8,41,8.4,40.2,26.8
86000US44094,44094,,,45,0.9,43.5,1.5,45.9,1.2
86000US44095,44095,,,41.8,1,39.2,1.3,44.5,1.4
86000US44099,44099,,,32.1,9.9,28.3,3.8,35.6,11.8
86000US44101,44101,,,31.1,3.3,0,0,31.1,3.4
86000US44102,44102,,,34.2,1.3,32.9,1.1,35.5,1.4
86000US44103,44103,,,41.4,2.2,41.8,2.9,41.1,2.6
86000US44104,44104,,,28.5,1.3,25.3,3.2,29.4,1.2
86000US44105,44105,,,35.8,1.2,32.4,2.3,38.2,1.8
86000US44106,44106,,,28.6,1.1,26.8,1.1,29.9,1.8
86000US44107,44107,,,35.2,0.7,34.3,0.8,36.1,0.9
86000US44108,44108,,,42,2.1,39.1,4.2,44.4,2
86000US44109,44109,,,34.5,1.2,34.8,1.4,34.2,1.6
86000US44110,44110,,,40.8,2.2,39,4.7,42.2,2.1
86000US44111,44111,,,38.3,0.8,38.7,1.1,37.7,1.6
86000US44112,44112,,,43,1.8,38.8,3,45.8,3.3
86000US44113,44113,,,31.3,0.8,32.2,1.2,30.2,0.9
86000US44114,44114,,,33.5,3.9,35.2,3.9,31.6,3.4
86000US44115,44115,,,24.6,1.8,25.2,2.1,24.3,2
86000US44116,44116,,,45.6,1.6,45.6,2.4,45.6,2.2
86000US44117,44117,,,49,2.7,43,5.5,52.6,1.6
86000US44118,44118,,,33.7,0.8,31.8,1.2,35.8,1.3
86000US44119,44119,,,41,3.9,40.7,3.8,42,5
86000US44120,44120,,,39.6,1.4,35.9,2.2,42.4,2.1
86000US44121,44121,,,38.1,1.5,36.8,1.6,39.5,2.3
86000US44122,44122,,,45,1.4,41.6,1.8,47.3,1.5
86000US44123,44123,,,40.9,2.8,35.8,3,44,2.5
86000US44124,44124,,,45,1.2,40.6,1.9,48.3,1.9
86000US44125,44125,,,39.9,1.2,37.1,1.9,42.5,1.6
86000US44126,44126,,,40.6,1.7,39.5,1.8,42.3,2.3
86000US44127,44127,,,33.1,3.1,34.2,6,32.7,2.9
86000US44128,44128,,,42.7,1.8,38.4,4,44.2,1.6
86000US44129,44129,,,41.3,1.2,38.5,1.8,44,2.2
86000US44130,44130,,,43.6,1.2,40.4,1.2,46.8,1.4
86000US44131,44131,,,50.2,1.2,47.4,2.1,52,1.3
86000US44132,44132,,,35.9,1.7,34.2,3.5,37.1,2
86000US44133,44133,,,43,1.2,41.7,2.1,44.4,2.2
86000US44134,44134,,,42.4,1.2,40.8,1.3,44.2,2.8
86000US44135,44135,,,38.8,1.3,37.6,2.1,40.1,1.8
86000US44136,44136,,,45.6,1.3,43.4,1.7,47,2.4
86000US44137,44137,,,37.6,1.9,33.8,1.3,41.4,2.3
86000US44138,44138,,,43.7,1.4,39.5,2.7,46.9,1.7
86000US44139,44139,,,44.4,0.9,44,1.3,44.8,1.1
86000US44140,44140,,,44,0.9,42.8,1.2,45,1
86000US44141,44141,,,48.1,1.7,46.2,1.2,49.9,2
86000US44142,44142,,,44.7,1,41.4,1.8,48.2,1.5
86000US44143,44143,,,50.6,1.4,49.8,2.4,51.5,1.7
86000US44144,44144,,,40.9,1.8,39.8,2.1,42,2.2
86000US44145,44145,,,46.7,1,45.3,1.9,48.1,1.2
86000US44146,44146,,,44.5,1.8,41.1,1.8,48.3,3.4
86000US44147,44147,,,42,2.1,41.6,3,42.4,2.2
86000US44149,44149,,,47.2,1.3,46.1,1.4,48.3,1.4
86000US44201,44201,,,43.7,3.1,48.5,4.1,40.9,3.6
86000US44202,44202,,,45.4,1.2,45,1.5,46.3,2.4
86000US44203,44203,,,41.9,1.2,39.3,2.1,45.1,1.5
86000US44212,44212,,,40.1,1,38.5,1,41.7,1.7
86000US44214,44214,,,38.9,4.3,37.1,2.9,42.1,3.9
86000US44215,44215,,,41.1,7.9,41.7,5.2,38.7,14.6
86000US44216,44216,,,46.1,2,46,2.2,46.2,3.1
86000US44217,44217,,,39.2,3.8,36.8,4.5,42.7,4.6
86000US44221,44221,,,37.4,1.3,36.1,1.4,38.6,1.5
86000US44223,44223,,,45.2,2,43.8,2.7,46.9,2.4
86000US44224,44224,,,40,1.4,37.4,1.2,42.5,1.6
86000US44230,44230,,,43.9,2.8,45.7,2.7,42,3.8
86000US44231,44231,,,45.5,1.8,45.1,2.4,46.1,2.7
86000US44233,44233,,,46.6,2.5,46.6,3.6,46.7,3.4
86000US44234,44234,,,33.8,3.1,34.5,7.2,33.6,3.3
86000US44235,44235,,,31.3,9.1,32,9.1,29.6,11.8
86000US44236,44236,,,45.9,0.8,47.4,1.1,44.6,0.8
86000US44240,44240,,,28.7,0.8,28.6,1,28.8,1.1
86000US44241,44241,,,40,2.1,39,3.1,42.1,3.3
86000US44243,44243,,,19.5,0.1,19.5,0.3,19.4,0.2
86000US44250,44250,,,47.6,10.4,38.7,22,52.5,11.5
86000US44251,44251,,,52.5,4.9,49.4,4.6,53.9,3.9
86000US44253,44253,,,47.5,2.8,46.7,3.6,49,3.2
86000US44254,44254,,,46.6,2.3,45.4,3.1,47.4,2.7
86000US44255,44255,,,44.4,5,44.3,4.9,44.7,6.6
86000US44256,44256,,,41.8,0.8,40.2,1.1,42.9,0.8
86000US44260,44260,,,43.8,2,44,2,43.6,4.2
86000US44262,44262,,,45.6,4.7,43.6,7.1,48.3,7.6
86000US44264,44264,,,42.8,6.2,43,7.2,42.4,6.8
86000US44265,44265,,,0,0,0,0,0,0
86000US44266,44266,,,40.8,1.4,38.7,1.5,43.8,1.6
86000US44270,44270,,,41.7,2.9,39.7,4.6,42.7,3.6
86000US44272,44272,,,39.3,2.3,39.5,2.1,39.1,4
86000US44273,44273,,,48.2,2.2,48.2,2.1,48.2,3.6
86000US44274,44274,,,30.8,37.3,8,99.1,30.9,35.3
86000US44275,44275,,,40.7,5.1,39.7,5.6,41.9,5.8
86000US44276,44276,,,38.7,4.8,36.7,9.2,41.4,7.6
86000US44278,44278,,,45.5,1.8,42.9,4.2,47.3,2.4
86000US44280,44280,,,46.7,1.5,47,2.5,46.6,2.4
86000US44281,44281,,,39.6,1.3,38.8,0.7,40.7,1.5
86000US44285,44285,,,63.3,21.9,0,0,0,0
86000US44286,44286,,,50.3,1.9,48.8,2.2,51.4,2
86000US44287,44287,,,39.4,2.5,40.4,2.8,38.6,2.6
86000US44288,44288,,,38.4,3.7,40.3,5,37.9,3.6
86000US44301,44301,,,34.7,1.9,33.5,2.4,35.7,1.7
86000US44302,44302,,,35.7,2.8,35.7,3.1,36.1,5.2
86000US44303,44303,,,46.8,2.4,46.8,2.9,46.8,4.1
86000US44304,44304,,,21,0.7,20.9,0.7,21.1,0.9
86000US44305,44305,,,37,1.8,36.7,1.8,37.5,2.7
86000US44306,44306,,,33.3,1.6,33.1,2.6,33.4,1.9
86000US44307,44307,,,33.4,2.6,32,3.3,34.8,5.2
86000US44308,44308,,,42.1,12.2,42.9,6.7,30.3,26.1
86000US44310,44310,,,36.8,1.5,35.4,2.3,39,2.9
86000US44311,44311,,,23.8,1,23.1,0.9,25.1,2.3
86000US44312,44312,,,43.2,1.2,41,2,44.8,1.5
86000US44313,44313,,,41.1,1.8,38.7,2,43,2.4
86000US44314,44314,,,38.3,2.4,37.6,2.7,39,3
86000US44319,44319,,,45.2,1.6,45.3,1.8,45.1,2.2
86000US44320,44320,,,44.4,1.2,40.2,3.7,46.3,2.1
86000US44321,44321,,,41.6,2.5,40.1,2,43.7,3.1
86000US44333,44333,,,46.2,1.1,43.4,3.6,47.4,1.8
86000US44401,44401,,,51.3,4.8,50.4,4,54,7
86000US44402,44402,,,43.4,3.3,42.8,5.8,43.9,5.2
86000US44403,44403,,,48.5,4.2,46.4,4.8,51.5,4.7
86000US44404,44404,,,46.4,4.9,48.4,5.9,43.9,5.2
86000US44405,44405,,,42.1,2.1,40.7,2.2,44.2,2.8
86000US44406,44406,,,47,1.5,46.8,2.1,47.3,2
86000US44408,44408,,,50.2,3.3,50.1,5.1,50.2,3
86000US44410,44410,,,47.8,1.8,45.6,1.7,49.7,1.9
86000US44411,44411,,,37,9.1,43,9,32.9,8.6
86000US44412,44412,,,44.2,5.7,41.9,8.1,49.2,9.5
86000US44413,44413,,,42.5,2.2,41.6,2.3,44,2.6
86000US44417,44417,,,42,11.7,42.1,14.2,42,11
86000US44418,44418,,,52.2,2.7,50.4,3.2,52.8,3.6
86000US44420,44420,,,43,2.2,38,3.3,47.1,2
86000US44423,44423,,,36.9,3.8,39.4,4.5,35.5,8
86000US44425,44425,,,46.5,2.8,44.5,2.3,48.4,2.3
86000US44427,44427,,,42.3,7.1,42.7,4.4,35.4,12.5
86000US44428,44428,,,52.3,4.1,50.3,5.7,54,3
86000US44429,44429,,,44.7,4.6,44.3,4.5,46,7
86000US44430,44430,,,40.4,3.1,36.4,1.8,48.8,5.6
86000US44431,44431,,,44.9,2.4,44,2.8,46.6,3.4
86000US44432,44432,,,44.8,1.4,43.1,1.8,47.6,2.4
86000US44436,44436,,,49.3,2.4,48.8,4.5,49.5,2
86000US44437,44437,,,43.8,3.4,40.8,7.7,45.4,4.8
86000US44438,44438,,,44,4.3,40.8,4.7,45.9,4.6
86000US44439,44439,,,37.7,10.5,30.9,5,70.1,46.4
86000US44440,44440,,,47.4,3.2,46.5,5.1,48.2,3.2
86000US44441,44441,,,46,10,48.9,7.3,40.3,22.8
86000US44442,44442,,,47.5,5,45.2,3.5,50.5,3.9
86000US44443,44443,,,46.2,6.1,45.1,10.9,49.3,4.2
86000US44444,44444,,,45.4,2.6,43.5,1.1,48.1,2.4
86000US44445,44445,,,45.3,5.3,45.3,4.5,46.1,8.5
86000US44446,44446,,,42.8,2.1,43,3.3,42.6,2.1
86000US44449,44449,,,52.7,5.9,52.7,5.9,52.8,9.8
86000US44450,44450,,,37.9,8.1,36.9,6.8,40.4,10.1
86000US44451,44451,,,49.9,3,47.1,3.4,53.2,3.4
86000US44452,44452,,,47.3,5.1,39.9,4.7,54.5,6
86000US44454,44454,,,31.7,7.3,38,10.7,26.4,9.1
86000US44455,44455,,,50.1,7.8,45.1,11.1,52.2,3.8
86000US44460,44460,,,44.1,1.6,42.2,2,46.9,1.9
86000US44470,44470,,,45.7,4.5,44.4,5.6,46.4,4.5
86000US44471,44471,,,40.6,1.6,38.7,3.2,42.1,3.7
86000US44473,44473,,,48.7,4.3,47.8,3.9,51.3,4.7
86000US44481,44481,,,46.1,2.2,44,3.9,48.4,3
86000US44483,44483,,,43.5,1.7,41.8,2.8,44.4,1.6
86000US44484,44484,,,43.7,2,40.8,2.5,46.4,1.9
86000US44485,44485,,,38.9,3.6,37.5,4.1,40.2,4
86000US44490,44490,,,39.4,7.8,39.3,14,39.9,9.7
86000US44491,44491,,,27.7,4.4,27.7,3.8,27.7,6.1
86000US44493,44493,,,0,0,0,0,0,0
86000US44502,44502,,,33.4,1.3,31.7,2.9,35.2,3.2
86000US44503,44503,,,41,7.6,35.6,5.2,53.3,8.3
86000US44504,44504,,,42,6.7,36.6,7.9,48,8.6
86000US44505,44505,,,42.1,1.9,40.1,2.2,45.3,3
86000US44506,44506,,,42.3,3.8,38.9,8.8,44.1,8.4
86000US44507,44507,,,34.3,5.8,32,4.6,38.2,5
86000US44509,44509,,,37.7,3.1,35,1.9,40.4,3.2
86000US44510,44510,,,31.5,4,33,12.2,30.8,6.2
86000US44511,44511,,,45.5,2,43.5,2.2,47.6,2.6
86000US44512,44512,,,44,1.3,40.8,1.6,46.9,1.7
86000US44514,44514,,,48.7,1.4,48.2,2,49.4,1.9
86000US44515,44515,,,42.6,1.7,40.7,1.8,45.1,2.6
86000US44601,44601,,,40.5,1.1,37.4,2.2,43.3,2.2
86000US44606,44606,,,24.6,3.4,25.4,2.6,23.3,4
86000US44607,44607,,,29.3,23.6,17.8,18.9,53.1,49.2
86000US44608,44608,,,41.8,7.7,37.1,9.9,44.6,7.4
86000US44609,44609,,,39.9,3.1,39.6,3.2,41.1,3.6
86000US44610,44610,,,57,3,51.8,9.1,58,0.9
86000US44611,44611,,,42.7,10.3,42.6,11.7,42.9,12.8
86000US44612,44612,,,42.7,3,42.6,4.5,42.7,3.6
86000US44613,44613,,,45,6.9,41.2,7.5,50.6,7.5
86000US44614,44614,,,44.3,1.5,43.3,2.3,46.3,2
86000US44615,44615,,,43.6,1.9,41.2,3.4,45.4,2
86000US44618,44618,,,36.5,2.9,35.4,4.5,37.2,3.6
86000US44620,44620,,,38.1,4.5,34.5,4.4,41.8,10.4
86000US44621,44621,,,38.5,3.8,36.4,4.9,39.1,4.9
86000US44622,44622,,,45.4,1.6,39.9,2.6,47.9,2
86000US44624,44624,,,30.2,4.3,28.5,7.3,30.9,3.6
86000US44625,44625,,,39.7,4.7,35.4,10.4,41,5.4
86000US44626,44626,,,48.2,2,44.5,8.3,48.8,2.4
86000US44627,44627,,,22.8,1.4,19.5,2.9,26.3,2.1
86000US44628,44628,,,43.2,9.5,40.8,9.1,44.8,19.8
86000US44629,44629,,,37.6,3.1,34.2,5.2,40,3.6
86000US44632,44632,,,45,2.9,45.1,4.5,44.9,3.6
86000US44633,44633,,,32.8,7.4,37.1,8.1,32.3,4.6
86000US44634,44634,,,45.3,4.3,49.1,7.3,43.9,5.7
86000US44637,44637,,,33.2,4.7,30.3,5.1,37.3,5.2
86000US44638,44638,,,47,11.1,42.6,17.9,48.1,9.8
86000US44640,44640,,,46.2,4.2,46.4,3.6,43.8,8.4
86000US44641,44641,,,45,1.8,43.6,2.1,45.6,1.7
86000US44643,44643,,,38,6.1,34.9,6.2,40.4,5.6
86000US44644,44644,,,44.3,5.1,43.8,5,46.5,6.4
86000US44645,44645,,,46,3,45.8,2.7,46.4,4.9
86000US44646,44646,,,43.1,0.9,40.1,1.4,45.4,1.4
86000US44647,44647,,,43.2,1,42.1,1.8,44.3,2.2
86000US44651,44651,,,28.6,6.2,35.1,12.9,28.1,9.4
86000US44652,44652,,,0,0,0,0,0,0
86000US44653,44653,,,34.7,8.8,36.6,14,34.4,9.8
86000US44654,44654,,,29.7,1.6,28.6,1.7,30.6,1.7
86000US44656,44656,,,50.2,3.6,47.4,7.1,50.8,4.5
86000US44657,44657,,,44.2,2.1,40.4,3.1,47.1,2.3
86000US44659,44659,,,48.5,17.9,50.9,13.5,45.1,31.9
86000US44661,44661,,,33.4,7.3,33.5,12.4,33.3,7.2
86000US44662,44662,,,42.6,3.1,40.2,5.1,44.4,3.8
86000US44663,44663,,,41.8,2.1,38.8,2.1,44.9,2.2
86000US44666,44666,,,43.3,2.9,45.1,3,41.8,4.9
86000US44667,44667,,,38.7,1.8,36,2.1,42,2.7
86000US44669,44669,,,50.6,19.4,50.1,21.8,51.2,21.1
86000US44670,44670,,,30,16.1,25.5,24.3,39.2,21.2
86000US44671,44671,,,35.9,26.8,40.3,23,35.7,30.1
86000US44672,44672,,,48.7,3.2,41.2,3.8,54.6,3.4
86000US44675,44675,,,55.8,5.5,53.7,6,58.1,4.1
86000US44676,44676,,,42.5,3.6,42.8,3.6,42,4.8
86000US44677,44677,,,39.7,4.4,39.4,4.5,41,6.6
86000US44678,44678,,,42,18.2,50,21.9,39,50.1
86000US44680,44680,,,44.5,4.9,40.4,4.6,49.3,3.7
86000US44681,44681,,,29.6,1,30.2,2.3,29.4,1
86000US44682,44682,,,38.1,7.4,38.6,7.7,37.3,8.5
86000US44683,44683,,,41.3,2.5,41.4,2.4,41,5.7
86000US44685,44685,,,42,1.8,40.6,1.7,43.9,2.3
86000US44687,44687,,,81.4,21.2,70.5,11.4,85.3,19
86000US44688,44688,,,46.7,4.1,46.3,5.1,46.9,4.6
86000US44689,44689,,,29.5,8.2,26.9,5,33.3,19.4
86000US44690,44690,,,43.2,22.3,43.2,19.4,43.2,34
86000US44691,44691,,,40.8,1.2,39.5,1.6,42,1.7
86000US44693,44693,,,51.8,15,50.6,12.5,58.4,14.9
86000US44695,44695,,,49.3,8.1,50.2,11.2,49.1,8.7
86000US44697,44697,,,56.9,16.2,52,15.7,67.6,12.6
86000US44699,44699,,,55.8,5.1,59.2,11.4,54.9,4.1
86000US44702,44702,,,58.3,4.8,54.6,5.3,65.8,13.4
86000US44703,44703,,,38.3,4.2,39.4,3.2,35.8,4.5
86000US44704,44704,,,35.5,10.8,33.3,12.1,36.1,11.4
86000US44705,44705,,,32.7,1.6,32.6,3,32.7,1.6
86000US44706,44706,,,40.7,1.4,40.3,1.5,41.1,2.3
86000US44707,44707,,,36.3,2.9,33.6,5.4,38.5,4.3
86000US44708,44708,,,43.1,1.8,40.9,2.8,44.8,1.6
86000US44709,44709,,,40,2.3,37,2.7,42.9,4.4
86000US44710,44710,,,39,4.5,36.7,3.8,42.4,6.9
86000US44714,44714,,,44.3,4.7,41.1,5.9,47.7,4.2
86000US44718,44718,,,46.4,3,47,3.7,46,3.4
86000US44720,44720,,,44.2,1.8,41.4,2.5,46.9,2.1
86000US44721,44721,,,40.9,2.4,39.3,4.6,42.1,2.3
86000US44730,44730,,,42.9,4.3,45.9,5.3,41.5,4.1
86000US44802,44802,,,43.4,4.2,43.4,0.6,42.4,8.4
86000US44804,44804,,,39.8,5.3,41.8,9.7,38.6,3.2
86000US44805,44805,,,38.1,1.5,37.5,1.7,38.5,1.5
86000US44807,44807,,,40,6.6,38.6,5.8,40.8,8.4
86000US44809,44809,,,57.3,10.5,54.4,6.9,60.2,18
86000US44811,44811,,,43,1.5,41.9,3.7,43.8,1.5
86000US44813,44813,,,34.9,5.7,35.1,5.1,34.7,7.5
86000US44814,44814,,,44.8,7.4,46.5,7.2,38.2,16.3
86000US44815,44815,,,44.3,10,39.4,14.7,47,7.3
86000US44816,44816,,,0,0,0,0,0,0
86000US44817,44817,,,43.2,8.9,45.8,13.2,42.8,9.9
86000US44818,44818,,,40.6,3.3,39.7,3.9,42.1,5.1
86000US44820,44820,,,43.3,1.8,41.1,1.7,46.2,3.1
86000US44822,44822,,,40,4.5,39.3,4.1,41.5,4.6
86000US44824,44824,,,47.6,4.8,45.9,3.2,50.7,6.9
86000US44825,44825,,,27,22.2,30.5,39.1,24.9,13.9
86000US44826,44826,,,46,6.7,46,8.2,47,12.1
86000US44827,44827,,,44.1,2.9,44.2,3.6,44,4.4
86000US44828,44828,,,37.8,20.1,37.9,43.6,25,36.7
86000US44830,44830,,,39.4,1.6,38.4,1.9,41.3,2.8
86000US44833,44833,,,42.9,1.7,41.6,2.4,44.1,2.7
86000US44836,44836,,,41,2.2,41.2,2.6,40.8,2.9
86000US44837,44837,,,36.3,3.2,36.5,2.4,36.1,5.6
86000US44838,44838,,,35.2,9.8,38,16.4,33,10.1
86000US44839,44839,,,51.5,2.5,51.3,2.9,51.7,2.9
86000US44840,44840,,,43.2,4.2,42.4,5.2,44,5.4
86000US44841,44841,,,30.2,3.1,30.4,6.2,30.2,7.3
86000US44842,44842,,,43.1,3.7,39.9,4.3,45.7,6.7
86000US44843,44843,,,42.9,6.1,42,6.7,46.1,8.3
86000US44844,44844,,,46.6,16.6,50.5,15.3,38.9,25.9
86000US44846,44846,,,42,4.2,38.7,5.9,44.3,3.9
86000US44847,44847,,,40.3,3.9,39.8,3.3,43.8,8.9
86000US44849,44849,,,40.5,3.7,40.2,6.2,40.8,4.5
86000US44850,44850,,,46.9,32.6,46.4,31.8,59.4,19.6
86000US44851,44851,,,36.9,1.7,33.4,4.7,40.6,2.7
86000US44853,44853,,,43.9,9.9,42.6,8.8,51,5.4
86000US44854,44854,,,40.9,2.7,37.3,9.3,41.4,1.8
86000US44855,44855,,,39.5,4.7,38.1,6.7,40.7,8.4
86000US44856,44856,,,57,4,61,21.1,56.6,2
86000US44857,44857,,,39.2,1.4,37,2.4,40.5,2
86000US44859,44859,,,40.9,5.4,35.8,10.5,43.5,3.7
86000US44861,44861,,,57.4,20.7,57.4,13.1,57.4,46.3
86000US44864,44864,,,44.2,4.6,44.8,4.5,43,6
86000US44865,44865,,,37.4,3.2,38.3,6.9,37,2
86000US44866,44866,,,43.5,8.9,38.5,18.6,45.8,8.4
86000US44867,44867,,,44.6,6.3,42,6.5,46.8,5.2
86000US44870,44870,,,40.7,0.9,40.3,1.2,41.5,1.1
86000US44874,44874,,,37.6,11,33.1,9.8,43.4,9.5
86000US44875,44875,,,45.4,3.7,43.1,3.7,49.2,4.3
86000US44878,44878,,,32.7,6.6,34.3,5.6,31.1,9
86000US44880,44880,,,43.8,7.5,43.6,14.7,44,6.5
86000US44881,44881,,,0,0,0,0,0,0
86000US44882,44882,,,44.7,3.2,43.4,3.6,46.2,3.9
86000US44883,44883,,,39.2,1.1,36.6,1,42.3,1.1
86000US44887,44887,,,47.7,4.7,44.2,8.2,49.6,8.5
86000US44889,44889,,,43.9,2.1,44.7,3.6,43.3,2.1
86000US44890,44890,,,37.9,4,38,4.7,37.8,6.5
86000US44901,44901,,,32.3,1.4,32.3,1.4,0,0
86000US44902,44902,,,37.1,3.7,36.1,4.9,37.9,6.3
86000US44903,44903,,,43.2,2.6,42.1,2.4,44.4,3.3
86000US44904,44904,,,43.5,2.9,39.5,3.2,47.1,4.2
86000US44905,44905,,,37.3,1.5,36,1.4,40.2,4.7
86000US44906,44906,,,43.6,3,43.1,4.1,44.6,4.1
86000US44907,44907,,,44.4,2.6,44.2,4.1,44.5,3.4
86000US45001,45001,,,38,9.8,31.5,8.8,43.1,4.1
86000US45002,45002,,,37.9,1.9,39.4,2.9,36.8,2.8
86000US45003,45003,,,40.8,8,44,10.4,37.8,7.5
86000US45005,45005,,,40.5,1.1,39.6,1.2,41.4,1.7
86000US45011,45011,,,36.3,1,35.1,0.9,37.9,1.6
86000US45013,45013,,,40.5,0.9,39,1.9,41.8,1.5
86000US45014,45014,,,38,1.5,35.9,1.4,40.9,1.8
86000US45015,45015,,,33.8,2.5,34.5,2.9,33.3,3.1
86000US45030,45030,,,40.5,1.5,38.4,2.7,42.6,2.8
86000US45032,45032,,,32,8.5,32.1,10,31.8,15.5
86000US45033,45033,,,47.5,7.5,34.8,16.9,54.7,9.2
86000US45034,45034,,,44.4,5.5,39.5,11.8,46.2,3.9
86000US45036,45036,,,36.8,1.6,35.1,0.9,39.7,1.3
86000US45039,45039,,,36.5,2.5,36.6,3.2,36.5,2.8
86000US45040,45040,,,39.8,1,38,1.8,40.6,0.8
86000US45041,45041,,,17.9,4.4,17.4,6.3,19.6,18.5
86000US45042,45042,,,43.6,1.3,43.3,1.2,44.2,1.8
86000US45044,45044,,,34.9,1.1,33.8,1.4,35.6,1
86000US45050,45050,,,35,2.2,34.1,2.5,36.5,2.8
86000US45051,45051,,,67.7,40.8,0,0,67.7,40.8
86000US45052,45052,,,51.2,2.7,49.7,4.5,52.6,2.6
86000US45053,45053,,,41.8,4.4,39.6,7.8,43,6.2
86000US45054,45054,,,38.5,6.3,38.3,7.7,38.8,7.1
86000US45056,45056,,,21.7,0.2,21.9,0.3,21.5,0.3
86000US45062,45062,,,45.4,9,42,15.4,48.4,9.1
86000US45064,45064,,,45.1,5.5,46.7,7.4,42,6.9
86000US45065,45065,,,44.7,7.9,44,11.5,44.7,6.8
86000US45066,45066,,,38.3,2,39.3,3.1,38,2.4
86000US45067,45067,,,33.5,2.4,33.4,3.4,33.8,3.2
86000US45068,45068,,,45.1,2.8,44.8,3.4,45.4,3.2
86000US45069,45069,,,39.6,1.1,38.4,1.4,40.8,1.3
86000US45070,45070,,,32.5,14.3,32.5,13.2,34,19.4
86000US45101,45101,,,41,7.2,44.8,7,39.9,7
86000US45102,45102,,,38.5,1.8,36.2,2.4,40.4,1.7
86000US45103,45103,,,36.5,1.4,34.9,1.6,38.3,1.8
86000US45106,45106,,,40.1,2.3,37.9,3.3,41,2
86000US45107,45107,,,37.4,2.4,38.7,2.6,36.6,2.1
86000US45111,45111,,,60.1,18.8,39.5,36.9,60.4,5.3
86000US45112,45112,,,47.6,16.5,49.5,17.4,47.1,19.6
86000US45113,45113,,,43.4,4.3,44.3,5.6,42.7,6.2
86000US45115,45115,,,50.7,0.6,0,0,0,0
86000US45118,45118,,,46.3,4.4,42.7,6.4,47.2,3.1
86000US45120,45120,,,48.2,4.6,49.1,3.3,46.9,7
86000US45121,45121,,,38.6,2.4,38.9,4,38.3,2.4
86000US45122,45122,,,42.1,2.8,41.8,4.5,42.3,3.3
86000US45123,45123,,,40.8,2.4,39.4,3.3,42.5,3.7
86000US45130,45130,,,46.2,3,45.2,4.7,48.6,4.2
86000US45131,45131,,,50.4,7.4,50,10.4,52.3,8.7
86000US45132,45132,,,27.8,9.4,23.9,14.2,32.2,13
86000US45133,45133,,,40.9,1.3,40.2,1.5,41.9,1.9
86000US45135,45135,,,39.5,5,38.9,4.2,40.5,8.2
86000US45140,45140,,,39.7,1,38.3,1.3,41.5,1.3
86000US45142,45142,,,38.6,4,36.6,5.6,39.6,4.9
86000US45144,45144,,,41.4,3,40.3,9.3,43.6,6.1
86000US45145,45145,,,0,0,0,0,0,0
86000US45146,45146,,,37.3,3.4,36.5,6.7,37.5,2.5
86000US45147,45147,,,44.2,13.3,51.3,2,21,29
86000US45148,45148,,,38.9,8,38.7,8.7,40,11.9
86000US45150,45150,,,42.6,1.4,41,2.2,43.6,1.9
86000US45152,45152,,,37.9,3.5,37.4,2,40.3,5.2
86000US45153,45153,,,39.8,11,39.6,8.2,45.3,17.1
86000US45154,45154,,,38.3,2.9,38.4,3.1,38.1,3.5
86000US45155,45155,,,34.5,6.4,36.4,11.1,34.2,4.3
86000US45156,45156,,,47.2,21.2,45.3,41.9,47.7,14.7
86000US45157,45157,,,39.2,3.5,38.9,5,39.5,3.6
86000US45158,45158,,,39.6,9.8,42.8,8.8,33.2,13.6
86000US45159,45159,,,35.9,2.5,36.2,3.3,35.8,2.2
86000US45160,45160,,,52,15.4,44.9,16.8,53.5,15.8
86000US45162,45162,,,47.3,6.1,49.1,9.6,46.9,5.5
86000US45164,45164,,,29.8,5.9,31.9,6.9,29.3,7.9
86000US45166,45166,,,66.5,21.1,0,0,0,0
86000US45167,45167,,,47.6,3.8,45.7,3.5,49.5,3.7
86000US45168,45168,,,46.2,11,39.8,22.2,46.8,6.2
86000US45169,45169,,,39.9,4.3,35.3,5.1,42.6,3.4
86000US45171,45171,,,40.4,2.7,37.3,4.6,42.1,4.5
86000US45172,45172,,,24.1,7.4,22.8,2.2,29.4,16.7
86000US45174,45174,,,41.3,2.6,39.9,2.7,42.3,2.2
86000US45176,45176,,,39.7,3.1,40.6,3.3,38.9,3.3
86000US45177,45177,,,41.4,1.6,39.5,1.9,43.4,0.9
86000US45202,45202,,,34,1.4,35.2,2.1,33.1,1.3
86000US45203,45203,,,29.5,5.1,24,4,32.6,7.3
86000US45204,45204,,,31.1,2.1,31.5,2.2,30.5,3.6
86000US45205,45205,,,29.6,1.7,29.1,3.3,29.8,1.5
86000US45206,45206,,,40.7,2.9,38.9,3.7,42,3
86000US45207,45207,,,22.8,2.1,21.6,1.8,26.5,4.9
86000US45208,45208,,,35.5,1.4,34.9,1.7,36.4,2.4
86000US45209,45209,,,31,0.7,31.1,1,30.8,1.2
86000US45211,45211,,,33.9,1.3,32.9,2.1,34.5,1.9
86000US45212,45212,,,33.9,1.2,32.9,1.4,35,1.6
86000US45213,45213,,,39.5,4.3,37.2,4.3,42.8,1.2
86000US45214,45214,,,29.7,3,28.8,4.5,30.4,3
86000US45215,45215,,,40.1,2,37.2,2.8,42.3,2
86000US45216,45216,,,38.5,3,38,4.6,41.6,6.3
86000US45217,45217,,,35.1,3.4,34.2,4.7,35.8,3.6
86000US45218,45218,,,41.1,3.7,36.1,6.7,43,3.4
86000US45219,45219,,,21.6,0.3,21.6,0.3,21.7,0.3
86000US45220,45220,,,28.3,0.8,28.8,1.4,27.7,1.4
86000US45223,45223,,,32.6,1.2,32.6,2.2,32.7,2.1
86000US45224,45224,,,45.3,1.8,39.7,3.4,48.7,2.7
86000US45225,45225,,,25.3,1.6,27.1,4.1,24.5,2.4
86000US45226,45226,,,31.3,1.6,32.3,2.9,30.8,1.6
86000US45227,45227,,,36.6,1.3,34.8,0.8,40.1,2.1
86000US45229,45229,,,36,4.6,39.4,7.9,35,4.6
86000US45230,45230,,,39.1,1.7,38.3,2.6,39.5,2.2
86000US45231,45231,,,39.3,1.9,35.6,1.5,42.1,1.7
86000US45232,45232,,,22.7,2.1,15.6,2.6,25.2,2.3
86000US45233,45233,,,46,1.8,41.3,2.9,48.4,2.3
86000US45236,45236,,,41.4,1.7,40.1,2.5,42.3,1.8
86000US45237,45237,,,42.4,2.7,36.6,4.8,47.2,2.6
86000US45238,45238,,,35.8,1,33.5,1.5,37.5,1.2
86000US45239,45239,,,38.4,1.5,35.1,2.9,41.9,2.5
86000US45240,45240,,,36.6,1.9,32.4,4,38.8,3.2
86000US45241,45241,,,45.6,1.2,43.5,2.7,47.6,2.3
86000US45242,45242,,,43.9,1.7,41.4,1.9,45.7,1.6
86000US45243,45243,,,44.7,2.6,43.9,2.8,45.2,3.2
86000US45244,45244,,,39.4,1.5,38.9,1.9,40,1.9
86000US45245,45245,,,41.5,2.3,39.5,1.8,44.3,3.1
86000US45246,45246,,,41.7,2.1,42.3,2.4,41,3.8
86000US45247,45247,,,45.3,1.5,44.4,3.2,45.8,1.9
86000US45248,45248,,,40.8,2.1,39.3,2.1,42.3,2.1
86000US45249,45249,,,38.3,2.2,36.9,2.2,40.1,2.4
86000US45251,45251,,,38.4,2.4,37.7,2.8,39.3,3
86000US45252,45252,,,52.7,2.5,50.1,4.6,54.3,1.4
86000US45255,45255,,,41.9,1.9,39.7,3.9,44,2.3
86000US45301,45301,,,54.7,9.2,0,0,0,0
86000US45302,45302,,,38.6,3.7,36.5,5,40,3.5
86000US45303,45303,,,36.2,4,35.6,4.7,36.6,5.8
86000US45304,45304,,,40.1,3.1,38.4,4.2,41.1,2.7
86000US45305,45305,,,40.4,2.8,41.1,5.7,39.9,2.9
86000US45306,45306,,,37.9,3.4,36.8,4.8,39.2,4.3
86000US45307,45307,,,32.8,4.7,34.1,4.2,31.3,7.9
86000US45308,45308,,,44.4,5.3,44.7,6.4,43.9,5.6
86000US45309,45309,,,45.9,2.5,43.9,3,48,2.9
86000US45310,45310,,,34.5,9.9,34.8,10.7,33.9,10.7
86000US45311,45311,,,42.6,1.9,43.6,3.2,42,2.4
86000US45312,45312,,,49.3,3.4,49.6,2.6,48.7,8.4
86000US45314,45314,,,21.6,0.5,21.8,1.1,21.5,0.6
86000US45315,45315,,,51.6,8,49.7,8.7,56,9.7
86000US45316,45316,,,46.5,16.9,41.2,15.8,52.6,12.7
86000US45317,45317,,,36.6,12.8,34.1,25.3,42.5,12.3
86000US45318,45318,,,41.6,4.2,41.6,4,41.6,5.9
86000US45319,45319,,,40.1,4.9,42.5,6.1,38,5.9
86000US45320,45320,,,43,1.3,40.2,1.2,44.7,1.8
86000US45321,45321,,,44.7,3,39.3,8.5,47.5,6.5
86000US45322,45322,,,42.8,3.1,39.6,3.2,45.4,2.1
86000US45323,45323,,,46.5,1.9,46.8,2.2,46.3,3
86000US45324,45324,,,31.5,1,31,1.2,32,1.9
86000US45325,45325,,,47.6,5.9,44.9,7.1,48.8,5.4
86000US45326,45326,,,36.5,6.7,37.7,9.1,34.5,8
86000US45327,45327,,,43.3,2.8,41.7,2.2,44.4,1.8
86000US45328,45328,,,31.5,8,29.6,4.9,35.5,7.8
86000US45330,45330,,,40.7,9.1,39.1,10.3,42.5,8.8
86000US45331,45331,,,45.2,1,42.6,2.7,46.3,2.1
86000US45332,45332,,,33.1,14,33.9,16.2,29.3,12.1
86000US45333,45333,,,41.4,6.1,40,7.2,44.2,7.5
86000US45334,45334,,,37.8,3.5,36.6,3.9,38.9,5.5
86000US45335,45335,,,44.1,2.4,41.5,4.7,45.1,2.4
86000US45336,45336,,,35.1,6.8,37.5,12.4,32.8,5
86000US45337,45337,,,44.9,3.2,44.2,5.9,47,4.2
86000US45338,45338,,,44.8,2.6,44.7,3.8,44.9,2.8
86000US45339,45339,,,55.8,5.1,57.5,5.1,52.1,9.2
86000US45340,45340,,,39.7,16,47.8,5.5,28,23.2
86000US45341,45341,,,43.9,6.4,47.5,6.6,42.1,5.7
86000US45342,45342,,,39.4,1.1,37.6,2.4,41,1.9
86000US45344,45344,,,39.4,2.1,36.7,2.3,41.9,3.3
86000US45345,45345,,,41.1,5,39.1,6.3,43.4,4
86000US45346,45346,,,47.3,4.2,47,4.4,47.4,6.3
86000US45347,45347,,,41.1,2.6,41,2.7,41.3,4.1
86000US45348,45348,,,36.6,6.6,38.9,6,33.9,10.1
86000US45349,45349,,,38.4,11.1,40.4,13.1,35.5,13.3
86000US45350,45350,,,24.8,9.7,24,13.9,24.8,16.7
86000US45351,45351,,,36.7,16.3,27.2,11.2,51,15.1
86000US45352,45352,,,36.7,8.7,28.5,13.5,41.8,7.8
86000US45353,45353,,,42,5,39.4,20.5,42.4,2.7
86000US45354,45354,,,42.5,11.7,42.6,12.5,42.3,14.8
86000US45356,45356,,,39.7,1.3,37.1,2.2,42.5,2.2
86000US45358,45358,,,36.5,11.4,32.5,11.7,38.9,10.9
86000US45359,45359,,,42.6,5.9,43.8,7.4,41.5,6.5
86000US45360,45360,,,35,5.7,36.8,5.4,31.5,8.7
86000US45361,45361,,,36.5,13.2,34.2,9.7,41.8,12.2
86000US45362,45362,,,43,13.1,40.9,13.6,47.2,16.4
86000US45363,45363,,,34.8,4,31.7,6.2,37.1,5.6
86000US45365,45365,,,39.3,1.5,38.2,1.5,41.1,1.3
86000US45368,45368,,,41.3,2.9,41.7,3,40.7,4.3
86000US45369,45369,,,40.6,5.1,42.4,5.4,37.8,7.1
86000US45370,45370,,,47.7,4,45.7,7.1,48.4,2.8
86000US45371,45371,,,41.9,2.3,41.7,2.3,42.5,2.6
86000US45372,45372,,,35.6,7.6,30.8,12.8,36.9,15.4
86000US45373,45373,,,40.7,1.2,38.4,1.4,42.7,1.2
86000US45377,45377,,,44.1,1.6,41.9,3.3,45.4,2.4
86000US45378,45378,,,36.2,10.8,36.2,12.7,35.5,16
86000US45380,45380,,,39.8,2.2,38.8,4.2,40.1,2.4
86000US45381,45381,,,41,1.9,37.5,2.1,45.1,4.3
86000US45382,45382,,,42.1,4,39.4,12.2,43.1,4.2
86000US45383,45383,,,44.1,2.7,42.8,6.1,44.2,2.1
86000US45384,45384,,,19.8,0.5,20.2,0.8,19.6,0.3
86000US45385,45385,,,42.9,1.2,41.4,1.2,44.4,1.9
86000US45387,45387,,,51.4,1.8,46.9,4.3,54.6,4.7
86000US45388,45388,,,32.7,7.2,29.8,15.8,33,8.8
86000US45389,45389,,,36.1,6.7,35.3,10.9,37.8,8.4
86000US45390,45390,,,37.7,2.5,37.3,2.2,38.5,4.9
86000US45402,45402,,,35.6,3.3,35.2,3.8,36,4
86000US45403,45403,,,33.4,1.6,33,1.4,33.8,2.6
86000US45404,45404,,,33.8,2.2,29.8,6.7,36,4.8
86000US45405,45405,,,38.6,1.8,36.4,4.2,39.8,2.1
86000US45406,45406,,,39.4,1.9,37.6,2.7,42.2,3.5
86000US45409,45409,,,21,0.3,20.9,0.3,21.2,0.5
86000US45410,45410,,,36.1,2.6,37.5,2.8,35.5,2.1
86000US45414,45414,,,42.1,2.7,40.6,4,43.1,2.9
86000US45415,45415,,,44.4,2,38.8,3.5,48,3.6
86000US45416,45416,,,46.1,5.5,44.3,7.7,47.6,7.4
86000US45417,45417,,,36.5,1.8,34.9,2,38,1.9
86000US45418,45418,,,38.3,4,38.4,3.7,37.9,5.5
86000US45419,45419,,,40.4,2.3,40.7,2.8,39.9,3.5
86000US45420,45420,,,37.2,2.3,36,2.5,38.6,2.9
86000US45424,45424,,,37.7,1.4,35.9,1.3,39.4,1.3
86000US45426,45426,,,41.2,2.4,35.8,4.9,44,2.4
86000US45428,45428,,,65.5,12.7,66,12.3,61.3,24.3
86000US45429,45429,,,43.8,1.2,41.6,1.6,46.4,1.8
86000US45430,45430,,,45.4,2,44.7,3.7,45.5,2.3
86000US45431,45431,,,33.4,1,31.8,1.7,35.5,2.4
86000US45432,45432,,,42.7,2.4,40.4,4.3,45.3,3.4
86000US45433,45433,,,23,1.8,22.8,1.8,24.4,3.8
86000US45434,45434,,,44.3,1.9,43.8,2.2,44.9,2.6
86000US45439,45439,,,33.6,2.3,32.5,1.9,34.8,3.1
86000US45440,45440,,,40.4,2.4,37.9,2.3,43.2,2.2
86000US45449,45449,,,37.5,1.5,36.5,1,40.1,4.1
86000US45458,45458,,,42.7,1.7,41.3,1.8,44.1,2.3
86000US45459,45459,,,50.4,1,49,2.6,51.7,1.3
86000US45502,45502,,,47.9,1.8,47.5,2,48.3,2.2
86000US45503,45503,,,42,1.5,40.5,1.5,43.3,1.7
86000US45504,45504,,,40,3,35.3,3.9,43.1,2.1
86000US45505,45505,,,38.6,1.9,38.5,1.9,38.8,2.7
86000US45506,45506,,,35.9,1.9,34.9,3.2,36.4,1.7
86000US45601,45601,,,40.1,0.7,38.7,0.7,43.1,1
86000US45612,45612,,,38.9,5.6,37.5,5.1,40.5,7.9
86000US45613,45613,,,44.7,14.3,40.2,16.8,45.7,10.6
86000US45614,45614,,,44.5,5.6,46,7.4,44.2,7
86000US45616,45616,,,34.4,11.3,36.4,14.5,34.1,13.5
86000US45617,45617,,,0,0,0,0,0,0
86000US45618,45618,,,44.8,42.3,47.2,68.9,44.5,45
86000US45619,45619,,,40.9,2.7,40.3,3.5,42,3.3
86000US45620,45620,,,45.3,9.6,45.1,7.4,46.4,18.1
86000US45621,45621,,,43.4,3.9,43.3,2,44.2,14.6
86000US45622,45622,,,62.1,33.7,47.7,28.4,62.4,31.6
86000US45623,45623,,,35.7,4.1,38.3,7.8,33,2
86000US45624,45624,,,0,0,0,0,0,0
86000US45628,45628,,,42.9,5.1,48,5.1,41.3,3.3
86000US45629,45629,,,41.3,4.4,37.2,12.3,43.1,5
86000US45630,45630,,,63.6,18.7,51.4,15.1,66.5,19.5
86000US45631,45631,,,43.7,2.5,41.9,3.3,45.3,2.6
86000US45634,45634,,,41.9,4,42.9,4.2,41.4,4.8
86000US45636,45636,,,30.8,30.7,22.6,17.4,45.4,9.7
86000US45638,45638,,,40.1,1.2,38.2,1.9,42.4,1.8
86000US45640,45640,,,40.7,2,39.6,2.8,41.6,1.6
86000US45642,45642,,,0,0,0,0,0,0
86000US45644,45644,,,45.2,4.8,43.1,4.9,46.5,3.6
86000US45645,45645,,,46.8,7.2,45.8,9.7,47,9.3
86000US45646,45646,,,59.3,16.5,43.7,38.7,59.4,4.4
86000US45647,45647,,,51.9,4.8,52.6,2.7,49.1,9.1
86000US45648,45648,,,40.9,2.2,38.4,2.3,44.9,3.7
86000US45650,45650,,,54.6,13.4,57.2,15.2,46.8,16.7
86000US45651,45651,,,36.7,2.3,35.8,1.9,38,4
86000US45652,45652,,,35.1,4.4,37.1,5.1,26.7,13.4
86000US45653,45653,,,48.7,4,45.4,5.1,51.4,3.4
86000US45654,45654,,,37.7,9.6,33.4,7.8,43.6,16.6
86000US45656,45656,,,40.8,4.6,39.6,5.7,42.7,5.8
86000US45657,45657,,,40.2,5.7,38.8,5.1,42,7.3
86000US45658,45658,,,30.7,4.8,28.4,4.8,32,8.3
86000US45659,45659,,,45.6,3,45.7,4.5,45.5,3.3
86000US45660,45660,,,43.3,1.9,43,1.6,43.7,3.2
86000US45661,45661,,,39.4,6.3,33.2,4.1,44.7,2.6
86000US45662,45662,,,38,1.5,36,1.8,41.1,2.7
86000US45663,45663,,,40.3,1.9,38.7,4.7,41.5,2.1
86000US45669,45669,,,45.2,3.7,42.2,4.1,47.1,2.6
86000US45671,45671,,,52.8,1.4,52.6,2.3,53,3.1
86000US45672,45672,,,49.4,8.5,44.2,11.9,50,4.1
86000US45673,45673,,,32.2,16.8,41.1,16.9,15.9,11.3
86000US45674,45674,,,21,1,20.4,1.2,21.3,0.8
86000US45678,45678,,,41.1,6.3,37.5,22.4,41.4,10.2
86000US45679,45679,,,40.9,6.1,42.6,4.9,39.1,10.8
86000US45680,45680,,,40.1,4.4,36.8,2.5,42.9,2.5
86000US45681,45681,,,42.8,7.1,42.1,12,43.5,6.4
86000US45682,45682,,,37.9,5.9,36.6,2.8,41.4,6
86000US45684,45684,,,45.5,6.2,42.6,12.1,47.9,6.4
86000US45685,45685,,,30.3,3.9,28.3,5.5,30.9,5.9
86000US45686,45686,,,42.7,5.1,35.6,10.8,45.3,6
86000US45688,45688,,,39.3,17.4,37.1,21.2,42.3,22.9
86000US45690,45690,,,39.4,2,39.3,1.9,39.6,3.8
86000US45692,45692,,,37.9,2.3,34,8,40.5,3.9
86000US45693,45693,,,41.9,3.3,39.8,4.4,42.6,3.2
86000US45694,45694,,,39.5,3.2,37.8,4.7,40,3.2
86000US45695,45695,,,49.4,9.7,51.1,15.2,49.2,9.2
86000US45696,45696,,,48.1,9.9,50.4,11.8,44.3,21.2
86000US45697,45697,,,45.2,3.1,47.1,4.3,43.9,4.2
86000US45698,45698,,,42.6,11.8,44.9,12.8,41.4,11.5
86000US45701,45701,,,22.5,0.3,22.6,0.3,22.5,0.4
86000US45710,45710,,,42.4,6.4,40.6,4.8,45.3,9.5
86000US45711,45711,,,42.2,2.6,43.9,8.6,41.4,4.3
86000US45714,45714,,,46.4,2.4,44.8,2.8,47.6,3.3
86000US45715,45715,,,35.6,6.3,29.5,11.1,39.3,6.3
86000US45716,45716,,,43.3,5,41.6,6.1,43.7,6
86000US45719,45719,,,38.2,6.7,36.2,12.1,40.9,7.3
86000US45721,45721,,,0,0,0,0,0,0
86000US45723,45723,,,46.3,2.2,45.3,3.8,47.1,2
86000US45724,45724,,,47.7,9.7,52.8,10.4,45.4,6.8
86000US45727,45727,,,65.6,6.9,65.4,7.6,69.6,19
86000US45729,45729,,,36.6,15.5,39.2,18.1,36,14.1
86000US45732,45732,,,40.7,3.7,40.7,2.6,40.7,6.4
86000US45734,45734,,,31.1,6.4,29.7,14.8,31.2,6
86000US45735,45735,,,50.1,7.7,49.1,8,53.4,11.2
86000US45740,45740,,,48.5,13.9,48.6,16.8,46.5,16.7
86000US45741,45741,,,44.9,5.2,41.4,14.9,50.1,11.8
86000US45742,45742,,,49.8,2.8,48.4,9.3,52.3,2.7
86000US45743,45743,,,39.9,5.7,39.7,5.8,40.1,8.5
86000US45744,45744,,,44.5,8.5,41.5,9.6,45.4,7.7
86000US45745,45745,,,35.2,2.8,34,7.2,35.5,3.3
86000US45746,45746,,,49.5,21.7,55.4,3.8,33.9,28.7
86000US45750,45750,,,40.7,2.2,37.8,1.6,43.7,1.4
86000US45760,45760,,,41.8,5.2,41.8,4.1,41.8,8.5
86000US45761,45761,,,37.8,13.7,39.9,12,35.6,21.4
86000US45764,45764,,,37.7,2.3,37.3,3.3,38.6,3.4
86000US45766,45766,,,38.1,13.5,44.1,18.9,34.6,13
86000US45767,45767,,,46.9,10.5,43.3,9.4,49.5,9.3
86000US45768,45768,,,48.1,5.3,47.4,4.8,48.9,8.4
86000US45769,45769,,,42.9,3.7,42,4.5,43.7,3.1
86000US45770,45770,,,38.8,17.6,38.9,17,27.8,42.9
86000US45771,45771,,,41.8,2.6,41.3,4.6,42.3,3.3
86000US45772,45772,,,48,7.9,49.6,5.5,44.7,12.9
86000US45773,45773,,,44.5,13.2,51.2,14.1,18.9,59.6
86000US45775,45775,,,48.4,6.2,48.8,5.4,48.3,10.5
86000US45776,45776,,,39.1,11.2,34.9,15.3,39.3,12.7
86000US45778,45778,,,32.6,11.6,25.1,17.1,36.3,9.7
86000US45779,45779,,,44.1,5.8,44.6,5.6,43.1,8.2
86000US45780,45780,,,44.8,7.9,37.9,14.9,49.5,7.7
86000US45782,45782,,,46,10.9,38,9.2,47.5,6.9
86000US45784,45784,,,37.8,8.8,39.2,12.5,35.2,10.6
86000US45786,45786,,,43.9,4.2,42.8,4.5,44.3,4.9
86000US45787,45787,,,50.7,51.6,34.5,36.4,93,98.1
86000US45788,45788,,,43.5,9.3,40.9,10.9,45.4,12.7
86000US45789,45789,,,56.5,24.7,0,0,0,0
86000US45801,45801,,,36.3,1.6,35.6,1.6,38,3.5
86000US45804,45804,,,34.8,3.1,31.7,2.2,39.2,1.8
86000US45805,45805,,,35.6,1.4,33.4,1.6,39,2
86000US45806,45806,,,45.5,2,44.4,1.6,47.1,2.8
86000US45807,45807,,,44,2.5,42.4,3,45.7,4
86000US45808,45808,,,32.3,9.5,31.5,8.6,32.9,15.9
86000US45809,45809,,,26.7,4,26.6,9.5,27.2,26.5
86000US45810,45810,,,25.2,1,25.5,1.5,24.8,1.3
86000US45812,45812,,,41.4,4,41.3,4.8,41.6,6.1
86000US45813,45813,,,39.2,3,39.1,4.1,39.5,5.7
86000US45814,45814,,,38.3,3.2,37.7,7.9,38.7,3.6
86000US45816,45816,,,46.5,7.3,46.5,9.3,46.5,7.3
86000US45817,45817,,,38.9,2,37.4,3.4,42.2,9
86000US45819,45819,,,33.5,10,33.6,8.6,33.3,12.2
86000US45820,45820,,,38.4,9.9,30.8,21.7,39.2,6.1
86000US45821,45821,,,44.8,6.5,47.5,2.3,41.2,7.4
86000US45822,45822,,,42.6,1.1,41.8,1.4,43.4,1.6
86000US45826,45826,,,33.8,6.9,30.5,11.8,34,14.8
86000US45827,45827,,,38.2,2.7,38.4,2.2,38,6.4
86000US45828,45828,,,37.7,3.8,35.1,6.8,41,6.1
86000US45830,45830,,,36.5,2.5,36.7,3.6,36.3,3.5
86000US45831,45831,,,39.7,4.1,38.3,2.9,43.5,7.2
86000US45832,45832,,,38,2.4,38.5,2,37,3.3
86000US45833,45833,,,41.9,2.4,40.5,2,44,2.6
86000US45835,45835,,,43.6,17.6,51.3,16.3,35.2,17.2
86000US45836,45836,,,43.1,5.5,43.8,5.7,42.4,7
86000US45838,45838,,,25.5,34.6,34.1,25.3,25.4,35.7
86000US45840,45840,,,38.5,0.8,37.4,0.8,39.8,0.9
86000US45841,45841,,,45.3,7.4,41.3,9.1,46.6,9.8
86000US45843,45843,,,38.9,2.2,38.1,3.2,40,2.2
86000US45844,45844,,,40,4,39.2,3,42.6,5.8
86000US45845,45845,,,41.5,2.5,42.1,4.7,41.4,1.8
86000US45846,45846,,,32.6,2.7,31.4,2.6,34.9,3.3
86000US45849,45849,,,41.7,4.7,43.6,4.7,40.1,8
86000US45850,45850,,,38.4,2.4,38.7,3.4,38.4,3.1
86000US45851,45851,,,38.6,14.5,36.8,15.2,39.6,17.3
86000US45853,45853,,,40.2,9.3,33.9,5,47.8,11.5
86000US45854,45854,,,41.1,8.9,41.2,8.7,41.1,11.7
86000US45855,45855,,,44.9,12.7,48,7.3,44.3,13.8
86000US45856,45856,,,42,3.2,41.1,7.6,43,3.6
86000US45858,45858,,,41.3,3.9,41.2,6,41.5,4.7
86000US45859,45859,,,34.6,6.2,31.9,7.1,38.3,9.3
86000US45860,45860,,,36.8,7.6,35.7,11.2,39.3,7.8
86000US45861,45861,,,42.3,11,39.6,7.8,48.3,22.7
86000US45862,45862,,,37.7,4.9,39.2,6.9,37.3,4.9
86000US45863,45863,,,42.7,6.7,42.7,7.2,42.8,7.6
86000US45864,45864,,,54.5,20.4,43,25.7,59.5,15.6
86000US45865,45865,,,41.8,2.6,41.5,4.8,42.1,2.5
86000US45866,45866,,,48.5,28.4,28.9,45.3,55,17
86000US45867,45867,,,34.4,7.1,31.6,12.3,36.1,4.5
86000US45868,45868,,,40.2,7.7,43.5,2.2,35.6,11.2
86000US45869,45869,,,39.6,2.5,39.4,2.3,40,3.8
86000US45870,45870,,,30,23.3,29.9,26.6,34.2,22.1
86000US45871,45871,,,38.8,5.2,36.2,5.6,42,7.3
86000US45872,45872,,,37.5,2.6,38.9,6.1,36.2,1.7
86000US45873,45873,,,37.6,7.2,39.3,6.7,35,8.6
86000US45874,45874,,,37.6,5.7,39.6,4.6,35.2,7.4
86000US45875,45875,,,38.9,2.5,39.8,3.9,38.5,2.8
86000US45876,45876,,,37.2,6.2,34.3,6.2,39.5,6
86000US45877,45877,,,42.5,3.6,42.3,5,42.8,5.1
86000US45879,45879,,,41.8,3.1,40.2,4.1,43.7,4.8
86000US45880,45880,,,42.5,4,36.8,8.4,45.2,3.7
86000US45881,45881,,,42,9.2,38,14.2,42.6,8.3
86000US45882,45882,,,43.8,6.1,40.8,6.5,46,6.2
86000US45883,45883,,,33.3,3.1,31.3,5.9,35.1,4.4
86000US45884,45884,,,18.5,0.3,18.5,0.2,28,32.8
86000US45885,45885,,,43.6,2.4,41.7,3.7,45,2.8
86000US45886,45886,,,45,2.9,44.3,3.7,45.2,2.8
86000US45887,45887,,,35.8,2.7,36.4,6.2,35.7,2.1
86000US45888,45888,,,48.1,14,37,11.1,53.4,6.5
86000US45889,45889,,,34.2,5.8,35.2,6.3,33.6,8.2
86000US45890,45890,,,42.2,7.5,42.3,6.8,42,9.5
86000US45891,45891,,,43.3,2,41.5,2.6,44.7,1.5
86000US45894,45894,,,39.6,17.5,39.7,20.1,39.3,18.5
86000US45895,45895,,,40.6,1.3,40,1.8,42.3,2.1
86000US45896,45896,,,38.5,5.8,40.4,7.2,36.8,5.6
86000US45897,45897,,,61.6,1.2,0,0,0,0
86000US45898,45898,,,46.5,10.2,46.1,13.4,47.7,11.5
86000US45899,45899,,,57.1,13.8,48.8,14,57.7,10.4
