,LotSizeAcres,location/latitude,location/longitude,location/distance,summary/yearbuilt,building/rooms/bathstotal,building/rooms/beds,sale/amount/saleamt
7098,0.2251,41.202632,-81.84036,16.44,2013,3.0,3,205000
7203,0.4649,41.222498,-81.437658,26.24,1970,3.0,4,253000
5860,0.78,41.135813,-81.70288000000001,22.41,1860,1.0,2,119000
7112,0.1846,41.202717,-81.498664,24.61,2007,3.0,3,300000
284,0.1802,40.803548,-81.52141999999999,47.21,1897,1.0,2,28000
602,0.1822,40.796510999999995,-81.457538,48.96,1953,2.0,3,119000
7451,0.314,41.243120000000005,-81.82866999999999,13.68,2016,3.0,4,344900
193,0.1488,40.796793,-81.47694200000001,48.53,1954,1.0,3,57000
8709,0.58,41.089421,-81.220974,40.78,1973,2.0,4,169900
2574,0.5739,41.003723,-81.652752,31.87,1932,1.0,2,142000
4038,0.7151,41.075608,-81.405548,34.24,1943,1.0,3,75000
5454,0.1377,41.012177,-81.59897,32.35,1918,1.0,2,79900
3193,0.3939,40.900372,-81.33890600000001,45.86,1993,3.0,4,236000
1729,0.0918,40.819967,-81.357023,49.99,1949,1.0,2,24800
2683,0.0803,41.016386,-81.61431999999999,31.77,1889,2.0,3,72000
4525,0.1642,41.08207,-81.46818,31.77,1949,1.0,3,65900
8006,0.1149,41.069139,-81.494984,31.64,1917,2.0,4,37500
8996,0.2482,41.107339,-81.50589699999999,29.19,1949,1.0,3,48000
8259,0.1114,41.279083,-81.80460699999999,11.41,1995,1.0,3,196500
9447,0.4591,41.335654,-81.687012,11.18,1988,3.0,4,330000
3811,0.3214,41.058538,-81.45486700000001,33.48,1950,1.0,2,84000
4287,0.47,40.963736,-81.518662,37.19,1973,3.0,3,16000
9377,0.4637,41.330746000000005,-81.492304,20.12,1993,3.0,4,210000
6141,0.66,41.031518,-81.650966,30.1,1953,1.0,2,150500
5994,0.1417,41.141974,-81.858376,20.62,1955,1.0,3,112000
855,0.1694,40.815283,-81.405336,49.02,1967,1.0,2,112000
2668,0.1971,41.014277,-81.590009,32.41,1943,2.0,3,114000
6123,0.1488,41.149825,-81.485222,27.66,1950,2.0,4,146950
9300,0.1544,41.326941999999995,-81.523291,18.75,1999,2.0,3,245000
1793,0.1954,40.82558,-81.405035,48.4,1945,1.0,3,96000
9316,0.9308,41.327703,-81.511065,19.31,1992,3.0,3,240000
2976,0.4224,40.87034,-81.398165,45.9,1926,3.0,4,140000
7739,0.2925,41.268337,-81.296063,31.2,1960,2.0,3,48000
4634,0.2204,41.090109999999996,-81.57986,28.01,1956,1.0,3,49000
3929,0.1573,41.068366999999995,-81.47107199999999,32.43,1928,1.0,4,46000
1420,0.2755,40.875408,-81.391478,45.78,2000,2.0,2,202900
3262,0.1568,40.918995,-81.409531,42.73,2005,2.0,3,87500
3237,0.9840000000000001,40.909643,-81.570105,39.46,1973,2.0,4,172500
9374,0.15,41.331087,-82.133004,16.5,1928,1.0,2,60000
5719,0.1366,41.030183,-81.730488,29.02,1958,1.0,3,138000
1519,0.2553,40.888759,-81.585666,40.52,1977,1.0,3,137400
2361,1.59,40.972415000000005,-81.525276,36.5,1959,2.0,2,229000
3118,3.75,40.887718,-81.276463,48.51,1963,1.0,2,185000
3871,0.0964,41.063223,-81.552696,30.33,1919,1.0,2,16000
1650,0.1644,40.813093,-81.516346,46.69,1950,3.0,4,158000
9248,1.01,41.322387,-82.196378,19.73,1966,2.0,3,150000
2469,0.5142,40.98749,-81.526108,35.56,1993,4.0,4,280000
3922,0.0961,41.06797,-81.510228,31.25,1935,1.0,3,85000
2695,0.5006,41.016314,-81.706018,30.24,1987,1.0,3,170900
1361,0.3074,40.868836,-81.401687,45.89,1953,1.0,2,150000
3524,0.1111,41.041845,-81.431874,35.13,1999,2.0,3,112500
5038,0.1086,41.114165,-81.508859,28.72,1954,1.0,3,105000
8787,0.1874,41.094937,-81.536394,28.94,1916,2.0,3,37000
6420,0.2792,41.045469,-81.646395,29.28,1972,3.0,4,179900
2493,0.1148,40.99045,-81.534806,35.17,1928,1.0,2,20000
7821,0.1286,41.056022,-81.899703,26.67,1954,1.0,3,159500
714,0.3696,40.803244,-81.484371,47.97,1994,3.0,3,182500
1196,0.1271,40.847869,-81.396054,47.29,1952,1.0,4,36500
4932,0.1185,41.108528,-81.495878,29.45,1952,1.0,3,100000
1715,0.4172,40.818164,-81.437333,48.07,1963,2.0,3,145000
7403,0.5739,41.240889,-81.650582,17.28,1963,2.0,3,10000
4862,0.1699,41.103836,-81.474068,30.42,1962,2.0,3,100100
4344,0.2697,40.968911999999996,-81.693517,33.57,1946,2.0,3,114900
2095,5.07,40.930907,-81.17290200000001,49.87,1988,3.0,3,300000
2764,0.1286,41.020612,-81.43748000000001,36.11,2002,2.0,3,139500
3129,0.3796,40.888191,-81.345057,46.36,2004,3.0,3,239900
5072,0.61,41.115527,-81.237516,39.03,1999,3.0,3,201000
3096,0.054000000000000006,40.886392,-81.573756,40.89,1998,2.0,2,500
7720,0.5289,41.263139,-81.413076,25.85,1989,3.0,4,438500
2426,0.2755,40.981907,-81.795477,31.79,1967,2.0,3,150000
3572,0.2424,41.043993,-81.396724,36.18,1955,1.0,2,140000
8307,0.722,41.281608,-81.810727,11.18,1965,1.0,3,166000
126,0.2066,40.791641,-81.43226700000001,49.83,1977,2.0,3,155000
8588,0.245,41.081983,-81.493256,30.98,1919,2.0,5,7000
1077,0.1664,40.834443,-81.391447,48.22,1927,2.0,3,136700
5740,0.3671,41.129226,-81.580837,25.68,1955,3.0,3,135255
8501,0.7445,41.296972,-81.75768000000001,11.04,1970,1.0,3,250000
8479,0.46,41.295336999999996,-81.658652,14.16,1993,3.0,4,408500
1324,0.5393,40.861001,-81.406906,46.22,1961,2.0,3,130000
9811,0.5831,41.354442999999996,-81.627546,13.04,1957,2.0,3,240000
4069,0.124,41.078317,-81.575222,28.83,1950,2.0,4,27900
4684,0.9298,41.09216,-81.619238,26.91,1937,2.0,3,150000
4751,0.4035,41.095269,-81.5576,28.31,1930,3.0,4,269000
143,0.0899,40.793378000000004,-81.53449,47.62,1901,2.0,3,99500
8533,0.4649,41.299172,-81.85807700000001,9.77,1966,3.0,4,221000
6209,0.124,41.0354,-81.583678,31.24,1948,1.0,2,125000
6409,0.1194,41.044799,-81.460418,34.06,1962,1.0,3,130000
7137,2.84,41.210823,-81.64398800000001,19.17,1949,1.0,4,200000
2418,0.2858,40.979382,-81.509371,36.47,1971,3.0,3,205000
6965,0.2755,41.181559,-81.414024,28.92,1977,2.0,4,210000
7212,0.83,41.225188,-82.634227,43.38,1953,1.0,3,50000
4884,0.1435,41.104682000000004,-81.51583000000001,29.02,1904,1.0,3,135000
3582,0.1126,41.045318,-81.495971,32.96,1944,1.0,2,60000
5791,0.1515,41.132725,-81.553608,26.29,1961,1.0,3,130000
8475,1.3322,41.294512,-81.686441,13.22,2012,3.0,3,253500
3466,0.0476,41.039933000000005,-81.569168,31.31,1919,1.0,2,14700
8092,0.1273,41.074949,-81.579612,28.92,1972,1.0,3,40000
1153,0.2583,40.841057,-81.785611,41.52,1955,2.0,3,147000
6549,5.05,41.150857,-82.013239,21.71,1972,3.0,3,240000
7888,0.2926,41.05936,-81.73994,26.94,2017,3.0,4,295000
7551,0.2115,41.248427,-82.61004,41.65,1957,1.0,3,146000
7807,0.0891,41.055613,-81.486199,32.66,1924,1.0,2,12000
608,0.1109,40.797584,-81.50167900000001,47.98,1978,1.0,3,56000
5962,0.155,41.140188,-81.473966,28.55,1930,2.0,2,122000
3231,0.4649,40.909786,-81.362176,44.63,1958,1.0,3,32000
8158,0.2583,41.080602,-81.47005899999999,31.79,1942,1.0,3,69000
8016,0.0918,41.069891,-81.491973,31.69,1925,1.0,2,10000
2364,0.2755,40.974426,-81.641087,33.98,1962,1.0,3,66000
3987,0.1446,41.071876,-81.553685,29.79,1965,1.0,3,16000
3670,2.94,41.049828999999995,-81.602576,29.91,1964,1.0,3,55000
4651,1.0032,41.090225,-81.436178,32.42,1937,3.0,3,58000
7364,0.1915,41.23892,-81.03376800000001,44.72,1977,1.0,3,68900
9057,0.4729,41.311613,-81.335822,28.22,1958,2.0,3,155000
7808,0.1212,41.055628999999996,-81.500157,32.25,1927,1.0,3,27000
1965,0.2638,40.840137,-81.372413,48.38,1957,3.0,3,166000
1508,0.4591,40.88763,-81.25341,49.27,1950,2.0,4,60000
7237,2.14,41.227695000000004,-81.860701,14.71,1918,2.0,3,138233
6448,0.1791,41.047115000000005,-81.407453,35.65,1993,3.0,3,167000
7704,3.0,41.264732,-81.78515,12.62,1933,2.0,3,250000
9101,0.4,41.313855,-82.00496,11.87,1956,1.0,2,89900
3506,0.1188,41.042106,-81.550128,31.65,1914,1.0,3,20000
6349,0.1102,41.043217,-81.430375,35.1,1971,1.0,3,48000
4109,0.34,40.928436,-81.51513299999999,39.45,1950,1.0,3,150000
3912,0.2033,41.066836,-81.539674,30.47,2007,2.0,3,28000
8608,1.0,41.082807,-81.326041,36.84,1876,1.0,5,160000
5536,0.25,41.018434,-81.701031,30.17,2002,3.0,4,243900
3926,0.183,41.067535,-81.462288,32.75,1919,2.0,2,79900
582,0.1446,40.79537,-81.462987,48.92,1955,1.0,2,47000
7958,0.0331,41.065262,-81.540084,30.55,1915,1.0,4,12000
8665,0.2927,41.086571,-81.60956,27.48,1970,1.0,3,153000
4054,0.107,41.076857000000004,-81.554845,29.46,1921,1.0,3,28900
3564,0.124,41.044462,-81.573767,30.92,1954,1.0,3,25000
3438,0.1435,41.038108,-81.546589,31.99,1920,1.0,2,10000
8796,0.1756,41.093941,-81.540874,28.86,1909,2.0,4,110000
2819,0.1377,41.025621,-81.58375,31.85,1918,1.0,2,41898
127,0.2479,40.792194,-81.528494,47.81,1930,2.0,4,59500
9671,0.4236,41.347031,-81.829327,6.56,1956,2.0,3,57500
3782,0.1388,41.056532000000004,-81.53994,31.07,1913,2.0,3,70000
5198,0.2251,41.122696999999995,-81.47884499999999,29.27,1955,1.0,3,30000
7565,0.26,41.24984,-81.34701,29.33,1997,2.0,3,135000
745,0.0845,40.805818,-81.400161,49.72,1906,2.0,3,28000
3950,0.0514,41.069793,-81.50087099999999,31.42,1917,1.0,2,30750
5953,0.1364,41.140467,-81.471623,28.62,1890,1.0,2,20500
3648,0.0961,41.048177,-81.43549399999999,34.67,1926,2.0,3,125000
509,0.1527,40.787695,-81.508567,48.47,1925,2.0,2,17500
1591,1.0268,40.902433,-81.58926600000001,39.57,1986,2.0,2,500
1954,0.1584,40.840121,-81.344027,49.16,1958,1.0,3,50600
3138,0.5217,40.890008,-81.45635899999999,43.21,2005,4.0,4,425000
3979,10.425999999999998,41.070724,-81.10956999999999,46.28,1935,1.0,4,217500
6567,0.1935,41.152390999999994,-81.5012,26.96,1955,1.0,4,103000
3844,0.0964,41.060752,-81.491913,32.2,1913,1.0,4,13500
7777,0.1102,41.053385999999996,-81.508768,32.12,1925,1.0,3,20000
5874,0.1423,41.136175,-81.512484,27.42,1948,1.0,3,125000
6091,0.4591,41.147855,-81.32379399999999,34.07,1960,2.0,4,154900
8315,0.3914,41.282365000000006,-81.782101,11.5,1987,3.0,4,193000
3278,0.4028,41.028884000000005,-81.326397,39.42,1971,2.0,4,159900
886,0.2296,40.817687,-81.364704,49.92,1916,1.0,3,30000
6492,0.1056,41.04976,-81.44319,34.33,2000,3.0,3,61500
6229,0.2913,41.036398,-81.62737800000001,30.23,1968,2.0,4,171500
6411,0.1102,41.045691,-81.506204,32.64,1929,1.0,3,42000
3523,0.3444,41.041751,-81.730108,28.24,1957,1.0,2,145000
8073,0.1295,41.073797,-81.561152,29.47,1914,1.0,2,14900
3144,0.4821,40.890896999999995,-81.372417,45.41,1976,3.0,4,245000
7309,0.3903,41.233812,-81.424684,26.37,1972,3.0,4,389000
7933,0.2313,41.062886999999996,-81.723322,26.91,2015,3.0,4,325000
6958,0.0872,41.182328000000005,-80.98208199999999,48.59,1947,1.0,2,47500
783,0.2921,40.808628999999996,-81.432887,48.77,1953,1.0,2,50000
6665,0.1194,41.157883,-81.263324,36.27,1955,2.0,3,130000
6030,0.14,41.144428999999995,-81.481169,28.08,1900,2.0,4,128900
9932,0.1894,41.114342,-81.559679,27.15,1951,1.0,4,133000
3175,0.4591,40.89738,-81.517895,41.32,1976,3.0,3,152700
2140,0.7609999999999999,40.942789000000005,-81.43417,40.65,1953,1.0,2,96000
554,0.0601,40.793057,-81.516876,47.97,1917,1.0,3,12500
2599,0.4591,41.00633,-81.582223,33.08,1991,3.0,3,237000
183,0.3601,40.796,-81.435969,49.48,1949,1.0,3,62500
7192,0.6043,41.221602000000004,-81.829638,15.16,1956,1.0,2,86000
6969,0.6566,41.182221000000006,-81.454999,27.25,1975,3.0,4,257500
8587,1.97,41.306343,-81.719532,11.51,1951,1.0,3,168000
3704,0.0941,41.051834,-81.562392,30.76,1923,1.0,3,20000
8406,0.568,41.289144,-82.065561,15.3,2000,2.0,3,252000
8704,3.52,41.089339,-81.320718,36.74,1953,1.0,3,85800
9925,0.1102,41.114537,-81.50329599999999,28.88,1922,1.0,2,17000
897,0.2686,40.818067,-81.47074599999999,47.32,1972,1.0,3,154000
1334,0.3444,40.864251,-81.323803,48.35,1978,3.0,4,175000
8835,0.2451,41.097896999999996,-81.232597,39.95,1967,2.0,2,100000
3686,0.1074,41.050646,-81.508165,32.3,1929,1.0,3,49900
1088,0.2293,40.836244,-81.376237,48.51,1955,2.0,3,166500
2774,1.5,41.021703,-81.875695,28.94,1949,1.0,3,109900
5256,0.3337,41.124348,-81.632995,24.6,1972,3.0,4,217000
281,0.2247,40.802459000000006,-81.549584,46.77,1961,1.0,3,96000
3347,0.1653,41.032747,-81.426146,35.81,1998,2.0,4,66000
9047,0.3512,41.310719,-81.745313,10.52,1977,2.0,3,197500
182,0.3479,40.795445,-81.56554200000001,46.95,1990,3.0,3,235000
5058,0.3576,41.114709999999995,-81.662087,24.55,2002,4.0,4,460000
8054,0.2167,41.071593,-81.437078,33.36,1979,2.0,3,113000
121,0.2479,40.791408000000004,-81.52936600000001,47.84,1875,1.0,3,10000
648,0.1274,40.800249,-81.51939399999999,47.46,1875,2.0,1,104900
8419,0.25,41.289807,-82.208727,21.32,1900,2.0,3,119000
8539,0.7659999999999999,41.301199,-81.85548,9.63,1974,2.0,3,194000
7956,0.10099999999999999,41.065217,-81.55566400000001,30.13,1923,1.0,3,27500
8782,0.10099999999999999,41.09452,-81.500109,30.07,1928,1.0,2,52500
8746,0.1359,41.092423,-81.545119,28.83,1916,1.0,3,17000
6868,0.2758,41.170958,-81.42339399999999,29.01,1959,1.0,3,117500
8366,0.23,41.286165000000004,-81.823768,10.76,1979,3.0,4,188000
2033,0.4293,40.849754,-81.30430799999999,49.76,1974,4.0,3,165000
6941,0.3678,41.180397,-81.461809,27.06,1970,3.0,3,172500
515,0.2307,40.788447,-81.507768,48.44,1952,1.0,1,7500
5583,0.9506,41.02033,-81.46682,35.24,2000,2.0,3,127500
8432,0.47,41.290853000000006,-81.694232,13.16,1998,3.0,3,385500
9829,0.4408,41.108277,-81.557151,27.57,1965,3.0,4,280000
262,0.5,40.801018,-81.695693,44.88,1948,2.0,4,108100
8601,0.2045,41.082977,-82.40104699999999,37.82,1953,2.0,2,34500
3369,0.39,41.032694,-81.710099,29.1,1992,3.0,4,287500
2873,0.3696,40.852817,-81.33758900000001,48.61,1978,3.0,4,176300
9748,0.2009,41.351715000000006,-82.072577,13.06,2000,2.0,3,328200
6352,0.1157,41.043231,-81.51154100000001,32.63,1920,1.0,3,57800
6373,0.1578,41.044185999999996,-81.515274,32.47,1917,1.0,3,70000
5054,0.1102,41.115309,-81.503284,28.84,1919,1.0,2,52000
1958,0.2893,40.839738,-81.790103,41.59,1984,3.0,4,133000
767,0.1073,40.807107,-81.400412,49.64,1921,1.0,3,41500
2230,0.5564,40.958357,-81.47694200000001,38.57,1999,4.0,4,312000
9734,0.2009,41.350774,-82.072436,13.08,2000,2.0,3,391800
5128,1.74,41.118858,-81.280817,37.07,2001,3.0,2,230000
7785,0.0955,41.054323,-81.50308299999999,32.23,1928,1.0,2,18900
369,0.1102,40.809389,-81.404961,49.39,1915,1.0,3,64900
5899,0.5975,41.138234000000004,-81.634286,23.72,1939,2.0,2,235000
8643,0.1212,41.085967,-81.503316,30.44,1912,1.0,4,55100
7538,0.1469,41.247384000000004,-82.605248,41.44,1910,2.0,4,102000
4031,0.1871,41.075268,-81.471052,32.05,1919,2.0,2,68000
1941,0.5162,40.838234,-81.333772,49.56,1954,2.0,3,110000
7129,0.2768,41.202754,-81.401786,28.56,1977,3.0,4,175000
7746,0.46399999999999997,41.266757,-81.324536,29.88,2008,3.0,4,310000
9568,0.4855,41.341251,-81.650851,12.46,1959,1.0,3,235000
1959,0.4304,40.83983,-81.346484,49.11,1953,2.0,3,107900
6089,0.3489,41.147833,-81.461726,28.61,1961,3.0,3,175000
4363,2.0,40.973593,-81.744573,32.71,1957,1.0,3,138000
4597,0.1715,41.0879,-81.460247,31.72,1959,1.0,3,70400
5790,0.1515,41.133045,-81.505093,27.83,1940,1.0,3,132000
1829,0.109,40.829315,-81.765875,42.42,1952,2.0,2,120000
8861,0.1917,41.099167,-81.514234,29.37,1908,2.0,3,42000
1314,0.955,40.860233,-81.926725,40.25,1993,3.0,3,202000
7695,0.2951,41.263349,-81.86289000000001,12.26,1992,3.0,4,260000
6622,4.02,41.155527,-81.759781,20.24,1971,2.0,4,235000
7787,0.2014,41.053971000000004,-81.38646700000001,36.02,1960,1.0,3,120000
9636,0.3673,41.345455,-81.44537199999999,22.07,1993,3.0,4,26000
6959,10.38,41.181611,-81.741742,18.76,1958,6.0,4,434000
564,0.1228,40.7944,-81.514404,47.93,1885,2.0,3,89900
3282,0.25,41.028293,-81.705258,29.45,2003,3.0,3,292500
2474,0.6315,40.988803000000004,-81.446387,37.64,1954,1.0,3,81000
2658,0.2755,41.012339000000004,-81.57157600000001,32.95,1955,1.0,3,121500
522,0.1331,40.789289000000004,-81.445004,49.69,1926,2.0,3,99000
372,0.1403,40.809225,-81.522439,46.83,1941,1.0,3,98900
4935,0.2101,41.107619,-81.56169200000001,27.48,1941,2.0,3,209900
3216,0.3329,40.905114000000005,-81.38619200000001,44.19,1989,4.0,4,284900
9747,2.36,41.351084,-81.058776,41.62,1978,2.0,3,147000
4415,18.419,40.981621999999994,-82.09158000000001,34.07,1979,1.0,3,50000
1026,0.3099,40.831515,-81.927656,42.23,1951,2.0,3,127500
8609,0.1553,41.083555,-81.545022,29.34,1920,1.0,3,25370
5535,2.0,41.018307,-81.996112,30.12,1971,1.0,3,147500
5722,0.1102,41.031675,-81.528335,32.85,1939,1.0,3,63000
3897,0.1412,41.06588,-81.556043,30.08,1957,1.0,3,22000
2342,0.2462,40.971812,-81.638378,34.2,1948,1.0,2,150000
2606,1.0285,41.007177,-81.453313,36.39,1954,1.0,3,125000
3694,0.2841,41.050937,-81.73609,27.55,1978,1.0,3,57000
1832,0.462,40.828747,-81.938451,42.48,1953,2.0,3,189000
7123,2.617,41.205318,-81.187698,38.13,2006,2.0,3,120000
30,1.17,40.756396,-81.56115799999999,49.58,1960,1.0,3,165500
2768,0.075,41.021865000000005,-81.414074,36.79,2005,3.0,3,136500
9551,0.2847,41.340498,-81.869483,6.98,1979,2.0,3,180000
5085,0.5177,41.116074,-81.660236,24.5,1999,3.0,4,460000
1540,0.3444,40.891978,-81.39056500000001,44.83,1970,2.0,3,152000
6834,0.31,41.169614,-81.874662,18.75,1994,3.0,3,222500
8189,1.0475,41.269047,-81.493884,22.02,1997,4.0,4,445000
2690,0.932,41.015213,-81.475512,35.28,1950,1.0,3,132000
7974,0.0964,41.066819,-81.472758,32.46,1916,1.0,3,9000
3081,0.1615,40.883386,-81.531521,41.91,2014,3.0,3,222000
7857,0.1607,41.058492,-81.45689399999999,33.42,1959,1.0,3,30720
1756,0.2955,40.821451,-81.512403,46.24,1958,2.0,2,160000
5924,0.1769,41.139425,-81.458996,29.13,1979,2.0,2,145000
1849,0.1316,40.830771,-81.354548,49.42,1926,2.0,3,72000
7568,15.463,41.250251,-81.096313,41.38,1996,2.0,3,160000
6293,5.0,41.040375,-81.818505,27.68,2000,3.0,5,319000
969,0.4132,40.824707000000004,-81.49724599999999,46.34,1989,3.0,4,160000
3147,0.1538,40.892644,-81.59719399999999,40.07,1900,2.0,3,3695
1684,0.3196,40.815768,-81.430817,48.37,1949,2.0,3,108400
8794,4.21,41.093368,-81.24252800000001,39.72,1840,2.0,4,334000
3015,0.9152,40.876968,-81.45612,44.01,1957,2.0,3,30000
6686,0.2663,41.15974,-81.237176,37.36,1890,3.0,5,85000
9079,0.617,41.312515000000005,-81.86425200000001,8.87,1956,1.0,3,155000
3699,0.1047,41.050461999999996,-81.421768,35.0,1961,2.0,4,127000
2258,0.2904,40.961087,-81.542682,36.79,1943,2.0,3,169900
870,0.3142,40.816674,-81.519931,46.4,1963,3.0,3,148000
8194,0.2927,41.27248,-81.833298,11.65,1970,3.0,4,208000
3079,0.4167,40.882082000000004,-81.348569,46.61,2005,4.0,5,342000
8425,0.2493,41.290281,-81.82474599999999,10.47,1982,3.0,2,145000
9866,0.1584,41.108467,-81.53912,28.09,1929,2.0,4,159250
6019,0.10099999999999999,41.143504,-81.485698,27.96,1926,1.0,3,101000
8012,0.1047,41.069697,-81.515857,30.98,1909,1.0,3,53500
3393,0.1908,41.035284000000004,-81.72940899999999,28.68,1940,1.0,2,65000
546,0.2497,40.792357,-81.55612099999999,47.31,1961,1.0,2,90000
5880,0.124,41.13705,-81.49303499999999,28.04,1952,2.0,3,104580
9195,0.4706,41.316631,-81.477602,21.21,2001,3.0,4,309900
264,0.1129,40.801658,-81.403728,49.89,1916,1.0,3,22100
6082,1.53,41.147411,-81.620421,23.53,1960,3.0,3,300000
6517,2.01,41.049944,-81.706652,27.99,1991,4.0,3,380000
4617,0.1102,41.089433,-81.561562,28.54,1926,2.0,3,8750
3515,0.1694,41.042375,-81.431832,35.1,1957,1.0,3,92000
2830,0.1322,41.026677,-81.570428,32.09,1957,1.0,3,65000
5312,0.2397,41.128303,-81.87182299999999,21.59,1956,1.0,3,125900
7973,0.1598,41.066784999999996,-81.468734,32.59,1925,1.0,2,78000
6347,0.1281,41.042957,-81.48908399999999,33.29,1957,1.0,2,55000
4489,0.7277,40.988687,-81.660995,32.72,1963,2.0,3,78750
1381,0.0907,40.871933,-81.398983,45.78,1923,1.0,3,80000
3788,0.0937,41.05726,-81.50204000000001,32.1,1914,1.0,3,22600
6027,0.16,41.144264,-81.892763,20.57,1996,1.0,3,162500
756,0.0788,40.806405,-81.403109,49.62,1918,1.0,3,11900
8249,0.4591,41.276947,-81.693595,13.95,1958,1.0,3,119000
3157,0.3444,40.893076,-81.529403,41.34,1987,3.0,4,204900
3776,0.1288,41.05641,-81.519025,31.65,1916,2.0,2,50900
4330,0.4824,40.967994,-81.314607,42.96,2016,3.0,4,330000
4389,0.9102,40.97579,-81.24201,45.12,1952,1.0,2,125000
1195,0.1882,40.847636,-81.398538,47.24,1960,1.0,2,89900
9842,2.81,41.107341999999996,-82.66006800000001,48.0,1976,2.0,3,179900
8636,0.1377,41.085659,-81.533666,29.55,1914,1.0,3,65000
8824,0.2617,41.096948,-81.560316,28.14,1947,3.0,4,190000
170,0.2163,40.794775,-81.554376,47.18,1947,1.0,3,75000
418,0.971,40.741347,-81.748187,48.56,1919,2.0,4,170000
1767,0.1882,40.823226,-81.38150999999999,49.15,1925,2.0,3,95500
7291,0.2,41.23344,-82.614207,42.2,1958,1.0,3,67500
4462,0.1148,40.98594,-81.53407800000001,35.46,1930,2.0,2,28000
4105,5.0,40.927228,-81.22193,48.28,2010,1.0,2,169500
3159,0.2066,40.893537,-81.417204,44.01,1987,3.0,3,133000
221,0.1403,40.798724,-81.694728,45.04,1920,0.0,0,100000
644,0.2388,40.800371000000005,-81.442396,49.06,1951,2.0,2,70000
1292,0.4307,40.857781,-81.91680699999999,40.37,1957,1.0,2,162900
6713,1.78,41.160678999999995,-81.672124,21.45,1962,2.0,3,285000
3189,0.4591,40.89997,-81.42956,43.3,2018,3.0,4,498500
209,1.34,40.798014,-81.919371,44.49,1930,3.0,5,56000
2735,0.1894,41.019290000000005,-81.45416800000001,35.68,1957,2.0,3,149000
4359,0.5036,40.971869,-81.418915,39.41,2016,3.0,4,340000
995,0.3444,40.827901000000004,-81.938591,42.54,1952,2.0,3,130000
9105,1.6,41.312861,-81.493212,20.58,1960,2.0,3,177000
5467,1.5496,41.011646999999996,-81.671318,31.05,1953,1.0,2,139900
2285,1.8205,40.96646,-81.461039,38.52,1956,1.0,2,80000
2420,0.2755,40.981703,-81.535878,35.68,1957,2.0,3,95382
5620,0.0803,41.023648,-81.507749,33.88,1998,2.0,3,159000
492,1.001,40.784621,-81.858535,45.28,1999,3.0,3,199900
3870,3.5,41.062385,-81.652709,28.07,1960,2.0,4,211500
2185,2.08,40.952465999999994,-81.575633,36.62,1964,1.0,3,105000
69,0.2146,40.782439000000004,-81.500784,48.96,1944,1.0,2,10000
7099,1.38,41.198454,-80.957388,49.4,1973,1.0,3,130000
5031,0.0839,41.113698,-81.494085,29.23,1927,1.0,3,40000
1675,0.2757,40.8146,-81.49852,46.95,2018,3.0,3,213600
9588,0.2927,41.342278,-81.461898,21.32,1968,2.0,3,205000
6682,0.3,41.158313,-82.22097600000001,27.4,1998,2.0,3,166800
3618,0.3719,41.046278,-81.447985,34.37,1931,1.0,3,125000
118,0.1653,40.788927,-81.43360600000001,49.97,1953,1.0,2,36000
9826,0.36,41.105944,-81.54758100000001,27.98,1980,3.0,3,350000
1568,0.5051,40.89578,-81.461185,42.74,1975,3.0,4,223000
9834,0.2293,41.108466,-81.475016,30.14,1947,1.0,3,47500
9024,0.764,41.308678,-81.773053,9.97,1992,3.0,4,390000
4768,0.6022,41.096841,-81.64881899999999,25.96,1958,1.0,3,146500
8367,2.42,41.285449,-81.39595,25.96,1998,2.0,3,290000
9835,0.2824,41.107764,-81.440837,31.36,1965,3.0,4,179900
4625,0.1842,41.089626,-81.53634100000001,29.24,1993,2.0,3,80000
4502,0.0735,41.080185,-81.473547,31.7,1929,1.0,3,18500
1164,0.1193,40.84215,-81.384918,47.93,1927,1.0,3,67900
6276,0.2089,41.039739000000004,-81.430024,35.3,1958,1.0,3,44100
6421,0.1084,41.045922,-81.484674,33.26,1927,1.0,2,41500
6932,0.5399,41.179167,-81.470249,26.79,1997,2.0,3,240100
4341,0.5568,40.969246000000005,-81.455129,38.52,1989,3.0,3,350000
978,0.1398,40.826371,-81.389487,48.75,1950,1.0,4,82000
6595,4.55,41.153816,-81.656572,22.23,1831,2.0,4,222700
3256,0.9187,40.912357,-81.501087,40.77,1977,3.0,3,182000
8013,0.1212,41.069727,-81.449621,33.05,1955,1.0,3,50000
1044,0.1377,40.831517,-81.927813,42.23,1952,2.0,2,97000
9995,1.0009,41.118072,-81.39742,32.45,1950,1.0,2,123000
4928,0.1804,41.106559999999995,-81.43585,31.6,1949,1.0,2,30500
8268,2.0,41.279725,-80.969047,47.17,1958,1.0,3,68020
8874,0.98,41.099273,-81.733457,24.34,1940,1.0,1,125000
7931,0.1309,41.063705,-81.533147,30.83,1903,1.0,3,14000
1728,0.1334,40.818973,-81.95521,43.25,1992,3.0,3,141000
4644,1.0744,41.089728,-81.459717,31.65,1993,2.0,3,167900
8146,0.1515,41.079931,-81.566229,28.97,1944,1.0,3,33000
6484,0.1028,41.04954,-81.49979499999999,32.6,1951,1.0,4,88960
3094,0.3107,40.883793,-81.44967199999999,43.76,1996,3.0,3,232500
6928,0.5659,41.179031,-81.470403,26.8,1999,3.0,3,270000
9854,0.3274,41.108639000000004,-81.558408,27.51,1958,3.0,4,297000
985,0.1908,40.82757,-81.347712,49.79,1948,1.0,3,49000
2097,0.3485,40.932551000000004,-81.41069300000001,41.91,2003,3.0,3,279900
4345,0.1215,40.971528,-81.781763,32.58,1927,2.0,2,60000
1755,0.2732,40.821956,-81.407116,48.57,1951,1.0,2,70000
7979,0.5014,41.067445,-81.437804,33.56,1984,2.0,2,73000
1272,0.2227,40.854989,-81.931117,40.64,2004,2.0,2,182000
8912,0.57,41.100045,-82.130865,27.66,1968,3.0,5,110000
3018,0.3409,40.876564,-81.35073,46.86,2009,4.0,4,275000
1222,0.4545,40.849785,-81.45111700000001,45.8,1974,2.0,2,130000
9618,0.2612,41.344097,-81.46962099999999,20.9,1984,2.0,3,233500
5,0.757,40.731927,-81.93938299999999,49.13,1962,2.0,3,164000
3602,0.1147,41.045707,-81.48581800000001,33.23,1959,1.0,2,1100
5612,0.48,41.024059,-81.49175799999999,34.3,1953,1.0,1,57000
5302,0.1942,41.128547,-81.491522,28.53,1919,2.0,3,204500
3583,0.1313,41.045427000000004,-81.501238,32.8,1942,2.0,3,75000
8998,1.0,41.305293,-80.955539,47.47,1940,1.0,3,110000
4293,0.4821,40.963333,-81.530096,36.94,1962,2.0,3,206000
2333,0.32,40.970907000000004,-81.698139,33.38,1874,2.0,3,118000
5435,0.4013,41.009409999999995,-81.534982,34.01,1953,1.0,3,148500
6658,0.5312,41.157709000000004,-81.452432,28.48,1956,4.0,3,295500
3589,0.1157,41.045658,-81.515722,32.37,1922,1.0,3,68900
5112,0.1263,41.118097999999996,-81.50128199999999,28.75,1924,1.0,4,83000
8135,0.0895,41.079544,-81.574145,28.79,1950,1.0,3,39930
7079,1.0122,41.19936,-81.345642,31.12,1970,6.0,4,627000
561,0.247,40.793572999999995,-81.694035,45.4,1910,1.0,2,125000
4732,0.3444,41.094188,-81.408951,33.18,1972,2.0,4,193000
3052,0.46,40.880759000000005,-81.919493,38.81,1950,4.0,6,47500
302,0.0675,40.805099,-81.404657,49.66,1910,1.0,2,52500
654,0.1171,40.801277,-81.412204,49.71,1922,2.0,4,60030
3578,0.124,41.045232,-81.573063,30.89,1966,1.0,3,32040
4761,0.31,41.095625,-81.21766099999999,40.67,2002,3.0,4,206500
4215,0.1722,40.954737,-81.773252,33.78,1985,1.0,2,46500
987,3.4091,40.826963,-81.43946,47.48,1937,3.0,4,215000
3446,0.344,41.037633,-82.002887,28.92,1960,1.0,3,149000
200,0.1085,40.797433000000005,-81.930359,44.58,1928,1.0,3,66000
8096,0.1322,41.075305,-81.56724799999999,29.22,1983,2.0,3,85000
5081,0.124,41.116801,-81.496208,28.99,1965,2.0,2,86000
2616,1.17,41.009822,-82.574237,48.01,1976,1.0,3,117000
3331,0.142,41.032042,-81.52709899999999,32.86,1910,1.0,2,44560
2311,0.462,40.967043,-81.39713,40.34,2007,5.0,4,360000
3306,0.3375,41.030449,-82.004768,29.42,1943,2.0,3,182500
3098,0.2057,40.884988,-81.53099300000001,41.82,2004,3.0,4,226500
5379,0.3271,41.000454,-81.579942,33.5,1999,3.0,3,100000
803,0.1084,40.810885999999996,-81.403053,49.34,1923,1.0,3,69500
1034,0.3444,40.831911,-81.91620400000001,42.15,1969,3.0,4,130000
55,5.0,40.77711,-81.896856,45.86,2010,2.0,3,235000
8633,0.4224,41.08464,-81.415441,33.43,1959,1.0,2,129900
8911,4.94,41.10004,-81.71596600000001,24.54,1984,3.0,3,440000
4527,0.42700000000000005,41.081794,-81.43451400000001,32.92,2000,3.0,3,186500
5837,0.287,41.13515,-81.34291999999999,33.82,2014,4.0,4,260500
3957,0.1212,41.070098,-81.44857900000001,33.06,1924,1.0,2,71000
7367,0.6890000000000001,41.239187,-81.331862,30.36,1900,2.0,4,93334
3329,0.1033,41.032001,-81.524765,32.92,1928,1.0,2,52000
4122,1.0,40.931293,-82.47475899999999,47.89,1972,1.5,3,540000
8478,0.4025,41.294388,-81.338255,28.5,1971,3.0,4,220000
8276,0.4519,41.280223,-81.775713,11.74,1999,3.0,4,300000
2585,0.6518,41.005283,-81.44767,36.66,1987,2.0,3,129900
525,0.1171,40.78962,-81.446639,49.64,1950,1.0,5,26700
3615,0.0929,41.046597999999996,-81.556092,31.23,1918,1.0,3,59000
2389,0.2017,40.978387,-81.787246,32.08,1956,3.0,3,90000
8021,0.0826,41.070007000000004,-81.475595,32.19,1920,1.0,5,12500
9567,3.08,41.341209,-81.77601899999999,7.89,1952,2.0,4,210000
9396,0.4966,41.331817,-81.50456700000001,19.5,1960,2.0,3,220000
2145,0.4729,40.944429,-81.477028,39.4,1979,2.0,3,268000
8618,1.51,41.083709999999996,-81.243212,40.1,2005,3.0,4,250000
6284,0.1205,41.040175,-81.510518,32.84,1928,1.0,3,95900
8379,0.2562,41.286777,-81.229781,33.99,1978,2.0,3,229900
609,0.2101,40.797332,-81.439083,49.32,1947,3.0,4,153000
3110,0.4845,40.886644,-81.358847,46.05,1959,2.0,3,160000
2799,0.146,41.024638,-81.560505,32.45,1962,2.0,4,85000
4472,0.5693,40.985939,-81.44608199999999,37.81,1955,1.0,3,129900
5079,0.1056,41.116587,-81.50630100000001,28.67,1955,2.0,2,14000
8580,6.9,41.306315999999995,-81.690737,12.46,1946,2.0,4,225000
1956,0.3918,40.840322,-81.368193,48.48,1927,2.0,4,52000
1748,2.17,40.82033,-81.945127,43.09,1960,3.0,4,344500
4348,0.3409,40.970759,-81.369228,41.01,1983,2.0,4,184000
4672,0.3539,41.092357,-81.55830300000001,28.46,1922,5.0,5,45000
8563,1.0051,41.303268,-81.819721,9.62,1966,1.0,3,200000
1679,0.2479,40.814707,-81.428973,48.48,1939,1.0,3,108900
3334,0.1102,41.031676000000004,-81.528483,32.84,1928,1.0,3,120000
9989,0.10099999999999999,41.117946999999994,-81.507816,28.55,1928,2.0,3,113000
3104,0.4146,40.886212,-81.417051,44.45,1954,2.0,2,103500
2626,0.1102,41.011521,-81.628559,31.8,1921,1.0,4,77100
4810,0.2261,41.099340000000005,-81.41977,32.54,2017,2.0,3,239900
3357,0.4362,41.033483000000004,-81.66700300000001,29.69,1961,2.0,3,52000
8262,0.2583,41.279483,-81.80055,11.43,1977,3.0,4,237103
3330,0.2005,41.032005,-81.590407,31.3,1939,1.0,2,89000
6197,0.1446,41.03525,-81.515038,33.0,1950,1.0,2,70000
6068,0.1796,41.146908,-81.48890899999999,27.68,1926,1.0,2,89900
3825,0.12300000000000001,41.059455,-81.550471,30.61,1926,1.0,3,23000
6315,0.1764,41.041237,-81.519968,32.51,1949,2.0,3,119525
3946,0.1791,41.069204,-81.43425,33.58,1967,2.0,3,124900
7048,8.812999999999999,41.19399,-81.20544100000001,37.65,1875,1.0,3,830
6367,0.0854,41.043948,-81.488417,33.26,1925,1.0,3,47920
3914,0.1056,41.066941,-81.465826,32.67,1918,1.0,3,38000
2048,0.5556,40.915372,-81.498449,40.64,1974,2.0,4,200000
4995,0.1271,41.111753,-81.51601600000001,28.62,1918,1.0,3,26500
4541,1.0,41.083797,-81.372233,35.04,1955,1.0,2,89000
4554,0.1623,41.085147,-81.447168,32.31,2017,3.0,3,228000
843,0.2757,40.8146,-81.49852,46.95,2018,3.0,4,247400
3125,0.4821,40.888725,-81.254639,49.17,1964,2.0,3,23100
243,0.9186,40.799929999999996,-81.570481,46.58,1874,1.0,2,58900
982,0.1446,40.827284999999996,-81.38893900000001,48.71,1926,2.0,3,69900
7194,0.5015,41.222333,-81.82257299999999,15.14,1958,1.0,3,63000
4829,0.2872,41.100487,-81.574128,27.55,1928,1.0,3,117000
9063,0.3586,41.311442,-81.67679,12.71,1997,3.0,3,316100
1356,0.3375,40.867871,-81.475477,44.11,1989,3.0,4,292000
9986,0.2094,41.117163,-81.56021,26.97,1956,2.0,3,119500
9102,0.132,41.31377,-81.85554,8.76,2015,3.0,4,375000
8278,0.24100000000000002,41.280266,-81.81821500000001,11.2,1978,3.0,4,279900
8305,0.32,41.281549,-81.851905,10.98,1997,3.0,4,300000
3708,0.1102,41.051973,-81.436226,34.44,1921,1.0,3,15000
4391,0.2603,40.976423,-81.537542,35.96,1957,1.0,2,330000
5449,0.1377,41.011387,-81.59499699999999,32.49,1930,2.0,3,70500
8973,0.1377,41.105616999999995,-81.509844,29.15,1909,1.0,3,48000
3202,1.5,40.902035,-81.76120300000001,37.47,2000,2.0,3,134500
6142,0.1791,41.0316,-81.455997,34.93,1995,3.0,3,197000
2944,0.3097,40.865184,-81.360499,47.24,1996,3.0,4,242000
6340,0.1171,41.042653,-81.485912,33.41,1943,1.0,2,33000
771,0.28,40.806734999999996,-81.941377,44.0,1909,1.0,4,184400
635,0.6187,40.799136,-81.46463100000001,48.64,1952,2.0,4,105000
9778,0.1863,41.353146,-81.951932,8.01,2004,3.0,4,240000
1950,0.3205,40.838384000000005,-81.50603100000001,45.29,1971,2.0,3,170000
7619,0.33,41.25475,-81.848548,12.83,1999,2.0,2,233000
5597,0.1598,41.022894,-81.569132,32.35,1957,2.0,3,82500
5809,0.3753,41.133857,-81.83945200000001,21.18,1984,2.0,3,174000
8801,0.1722,41.096346000000004,-81.49231999999999,30.22,1954,1.0,3,76000
9877,10.45,41.111090999999995,-81.146102,43.17,1950,1.0,3,183125
3977,0.5755,41.070708,-81.42664,33.76,1981,3.0,4,223500
9643,0.4598,41.345387,-81.76835,7.85,1988,3.0,4,269000
4146,0.5188,40.939127,-81.403796,41.73,1975,2.0,3,195000
9498,0.321,41.338297,-81.544007,17.44,1998,3.0,4,254500
4190,0.4798,40.949811,-81.546211,37.41,1967,2.0,3,143000
3894,0.3114,41.065737,-81.456122,33.05,1952,1.0,2,54900
1704,0.3271,40.817217,-81.47770200000001,47.23,1972,3.0,4,172000
3379,0.1102,41.03394,-81.515757,33.06,1928,1.0,3,128800
1123,0.1653,40.839462,-81.383144,48.13,1946,2.0,3,77600
2357,0.0689,40.973833,-81.787617,32.39,1985,0.0,0,50000
4046,1.0,41.075157,-81.941665,25.67,1969,2.0,3,159900
9,0.433,40.74184,-81.74515,48.54,1928,2.0,2,65000
3291,0.0744,41.029382,-81.574744,31.82,1928,1.0,2,34900
1940,0.1653,40.838217,-81.39221500000001,47.97,1949,2.0,3,135000
3183,0.1091,40.899387,-81.599935,39.58,2018,2.0,3,289200
1242,0.4132,40.852134,-81.509125,44.36,1998,4.0,4,150800
157,0.2893,40.79407,-81.54834100000001,47.33,1923,1.0,2,35000
778,0.1113,40.808308000000004,-81.409906,49.33,1925,1.0,3,89900
814,0.1041,40.812276000000004,-81.381419,49.81,1908,2.0,2,19900
1646,0.1339,40.812925,-81.39047099999999,49.54,1922,2.0,4,101000
9430,0.069,41.334005,-81.808612,7.68,1987,2.0,2,163000
5971,0.1377,41.14137,-81.496346,27.7,1956,1.0,2,113000
5328,0.4855,40.992962,-81.460504,36.99,1954,3.0,3,164900
6158,2.04,41.032938,-81.240341,42.46,1953,2.0,3,140000
703,0.4339,40.803971000000004,-81.49069,47.79,1969,2.0,3,194000
5155,0.2909,41.119692,-81.589087,26.01,1936,3.0,4,315000
7201,0.4469,41.221028000000004,-81.431397,26.57,1968,3.0,4,324000
3055,0.1643,40.881161,-81.41931,44.69,1959,1.0,3,106500
3505,0.1741,41.041447,-81.51974200000001,32.51,1937,3.0,4,66000
5389,0.1093,41.000468,-81.585758,33.37,2004,2.0,3,145000
4523,0.155,41.081916,-81.550894,29.27,1916,1.0,3,27500
5148,0.3567,41.119242,-81.66865,24.13,1996,3.0,4,345000
1116,0.2443,40.838260999999996,-81.370334,48.55,1946,3.0,3,148900
6444,0.1664,41.047159,-81.439195,34.6,1940,1.0,2,86500
8271,0.24100000000000002,41.279872999999995,-81.816574,11.24,1978,3.0,4,240000
9776,0.44,41.352722,-81.79336500000001,6.77,1973,3.0,4,239800
6566,1.0,41.152373,-81.974847,20.92,1965,2.0,3,90000
7273,0.8612,41.230951,-81.39308100000001,27.86,1996,4.0,4,570000
1052,15.025,40.832156,-81.896621,42.06,1880,2.0,5,300000
8988,0.4362,41.105839,-81.423047,32.1,1962,2.0,4,134500
8334,1.48,41.284074,-81.195352,35.75,1960,1.0,3,95000
1443,0.3903,40.878671000000004,-81.337356,47.13,1987,3.0,4,189900
643,0.1139,40.800365,-81.402749,49.99,1916,3.0,3,32000
3801,0.2167,41.058481,-81.561821,30.37,1959,1.0,3,56000
4909,0.1539,41.106869,-81.512652,29.0,1919,2.0,3,49500
9441,0.5928,41.334854,-81.667918,11.99,1978,3.0,4,270000
869,0.2595,40.816140000000004,-81.43494,48.25,2014,4.0,4,272500
3763,0.1446,41.055434000000005,-81.453376,33.7,1954,1.0,2,100000
6168,0.1165,41.033413,-81.539762,32.44,1950,1.0,2,44900
6479,0.155,41.048984000000004,-81.545381,31.37,2000,2.0,3,40000
7981,0.0413,41.067714,-81.507805,31.33,1919,1.0,3,24000
3300,0.6653,41.030952,-81.652765,30.1,1954,1.0,3,50000
9560,0.97,41.340714,-81.50879300000001,19.07,1970,2.0,3,45000
8579,0.259,41.305696000000005,-81.86071,9.33,2002,3.0,4,379900
3227,0.49,40.907655,-81.40146999999999,43.61,1966,2.0,3,115000
6103,0.1942,41.149232,-81.503101,27.06,1958,2.0,3,96000
9437,0.5327,41.334879,-81.721417,9.93,1989,3.0,4,309000
2923,0.3409,40.859747999999996,-81.295677,49.46,1999,3.0,4,204900
3879,0.2409,41.064555,-81.513307,31.35,1889,2.0,4,62000
9665,0.5142,41.346544,-81.747449,8.43,1957,1.0,3,165500
6264,0.0882,41.038764,-81.57390600000001,31.26,1919,1.0,3,180000
3384,0.3029,41.033274,-81.722143,28.9,1965,2.0,4,170100
7758,5.0,41.26898,-82.10083399999999,17.59,1957,1.0,3,148500
8779,0.0678,41.093617,-81.61599,26.89,2004,3.0,2,125900
2981,0.3581,40.872305,-81.260177,49.88,1957,3.0,3,1000
9046,0.4591,41.310651,-81.338306,28.11,1953,2.0,3,215000
4430,0.0918,40.982467,-81.535005,35.65,1932,1.0,2,117500
8139,1.083,41.079588,-81.365584,35.49,2005,4.0,5,113000
3083,0.2726,40.88344,-81.57895400000001,40.99,1980,1.0,3,135000
4661,0.1997,41.091824,-81.579605,27.91,1956,1.0,3,40000
9349,0.3068,41.329584000000004,-81.423082,23.52,1996,3.0,4,30000
3921,0.0468,41.067617,-81.515982,31.1,1904,1.0,4,20300
2344,0.2755,40.973017,-81.646141,33.99,1965,1.0,3,75000
8008,0.1074,41.069233000000004,-81.45066700000001,33.04,1929,1.0,3,64900
9260,0.4591,41.323959,-81.49052900000001,20.39,1953,2.0,3,154000
2023,0.1377,40.848971,-81.395392,47.24,1962,2.0,3,90000
7982,0.4694,41.067718,-81.426961,33.91,1995,3.0,3,187375
8758,0.6351,41.093218,-81.62535799999999,26.7,1962,2.0,3,76600
9649,0.1942,41.345594,-81.536204,17.62,1965,2.0,3,172000
3566,0.124,41.044562,-81.46764499999999,33.85,1942,2.0,3,80500
7858,0.1607,41.058507,-81.456066,33.44,1950,1.0,3,73500
9033,0.3418,41.309472,-81.847319,9.06,1992,3.0,4,248000
3795,0.1157,41.058021000000004,-81.55345200000001,30.62,1927,1.0,2,32000
1980,0.28,40.841283000000004,-81.93464499999999,41.59,1983,0.0,0,205000
5543,0.8375,41.019025,-81.47449,35.09,1931,2.0,4,127500
8050,0.0918,41.071753,-81.497363,31.42,1920,1.0,4,33500
9822,1.0,41.106905,-81.834509,23.05,1972,4.0,3,365000
9114,0.41,41.314174,-81.37694300000001,26.14,2000,3.0,4,435000
5016,0.1327,41.112814,-81.51561600000001,28.58,1918,2.0,4,59000
5966,0.1393,41.14049,-81.59003299999999,24.77,2004,4.0,3,322000
5912,0.1722,41.137996,-81.461446,29.11,1958,2.0,3,137000
6417,0.1084,41.045831,-81.484675,33.26,2005,2.0,3,15000
7793,0.2149,41.054808,-81.446876,33.94,1951,2.0,3,15000
7904,0.0872,41.061741999999995,-81.453161,33.36,1919,1.0,3,63000
1632,0.4417,40.913339,-81.387692,43.68,2000,3.0,5,314900
1193,0.4178,40.846132,-81.460541,45.8,2005,4.0,3,350000
8449,0.2896,41.291923,-81.85035699999999,10.27,1987,3.0,3,279900
1139,0.1125,40.840973,-81.389674,47.87,1949,2.0,3,64600
2518,0.9583,40.993911,-81.553476,34.51,1950,1.0,3,156000
2384,0.3788,40.976967,-81.69150400000001,33.06,1965,3.0,3,159000
8761,0.1607,41.093357,-81.546225,28.74,1915,2.0,4,82000
8865,0.3444,41.09878,-82.120085,27.45,1976,2.0,4,150000
9330,1.3659,41.328456,-82.057298,13.23,1994,3.0,3,367000
3045,0.1848,40.878824,-81.40812,45.13,1885,1.0,3,122000
7633,0.7874,41.256977,-81.774697,13.28,1931,3.0,4,315000
5333,0.7521,40.99188,-81.396824,38.97,1967,2.0,3,173000
6476,0.126,41.048799,-81.519803,32.07,1917,1.0,3,1388
3681,0.1322,41.050305,-81.51402,32.15,1924,1.0,2,1388
6456,0.153,41.047706,-81.49881500000001,32.74,1928,1.0,3,1388
1374,0.3014,40.869907,-81.41271400000001,45.54,1963,2.0,3,173000
7831,0.1607,41.056987,-81.45610400000001,33.52,1953,1.0,3,82500
6437,0.1102,41.046365,-81.428437,34.99,1924,2.0,4,81000
6222,1.79,41.036044,-81.666965,29.52,1940,3.0,5,259000
4115,1.0328,40.929514000000005,-81.544134,38.73,1996,3.0,4,340000
4171,2.78,40.944807,-81.939032,34.53,1900,1.0,2,60000
2011,0.3466,40.846019,-81.449776,46.06,1979,3.0,3,227000
3468,0.2468,41.039684,-81.507359,32.95,1955,1.0,3,100000
329,0.225,40.806365,-81.95171500000001,44.09,1949,2.0,3,70000
7748,0.92,41.2691,-81.101784,40.71,1954,1.0,2,148000
8296,0.4594,41.280997,-81.479151,22.25,1978,2.0,3,39750
2041,0.4591,40.850417,-81.52561899999999,44.13,1978,2.0,3,716900
9792,1.44,41.353381,-82.322811,25.25,2004,2.0,5,204500
9133,0.637,41.314502000000005,-81.355908,27.16,2018,4.0,4,460000
321,0.2388,40.805628000000006,-81.423362,49.18,1943,1.0,3,75000
4696,0.99,41.092529,-81.735421,24.77,1887,2.0,3,220100
2072,5.75,40.927078,-81.221271,48.31,1977,2.0,3,275000
5120,0.3259,41.118373999999996,-81.533377,27.71,1978,3.0,4,265500
7404,0.2188,41.24064,-81.450272,24.99,1978,4.0,5,375000
1075,0.1664,40.835407000000004,-81.39320500000001,48.11,1941,2.0,3,122500
5853,0.2934,41.135303,-81.594032,24.96,1966,2.0,3,187000
2115,0.7432,40.937635,-81.430486,41.05,1952,3.0,3,194500
7256,5.14,41.229601,-82.081661,18.88,1995,3.0,3,275000
7202,1.75,41.222339,-81.877713,15.13,2002,3.0,4,417000
5786,0.2984,41.131397,-81.861473,21.35,1920,1.0,3,127500
3179,0.4591,40.89997,-81.42956,43.3,2018,2.0,3,85500
4868,0.71,41.102768,-81.846885,23.32,1998,4.0,3,445000
6386,0.1237,41.044709000000005,-81.519532,32.32,1920,2.0,2,51900
3211,0.3444,40.903715000000005,-81.38439,44.33,1992,3.0,4,266000
5731,1.49,41.129754,-81.835176,21.47,1947,2.0,3,20000
9837,0.8526,41.107878,-81.44915400000001,31.06,1940,2.0,4,125000
2892,0.3343,40.855267,-81.51181899999999,44.1,2014,3.0,4,460000
8713,0.2208,41.08976,-81.340158,35.97,1960,2.0,3,50000
9572,0.4683,41.341440999999996,-81.779785,7.78,1958,2.0,3,160000
8602,0.1515,41.083049,-81.465241,31.82,1947,1.0,2,50000
9488,0.5152,41.337993,-81.473584,20.85,1995,3.0,3,27000
4663,0.2479,41.091871999999995,-81.575001,28.03,1939,1.0,2,80000
5988,0.297,41.141244,-81.263141,36.92,2005,3.0,3,175000
482,2.71,40.781655,-81.632536,46.88,1941,2.0,3,118500
8448,0.978,41.290978,-81.08380600000001,41.2,2003,3.0,3,228000
6600,1.06,41.154383,-81.63959,22.61,1986,5.0,5,585000
4487,5.92,40.988291,-81.124697,49.06,1993,4.0,5,355000
5697,0.33,41.030011,-81.752821,28.8,1995,2.0,3,233000
3366,0.4678,41.033062,-81.93078100000001,28.44,1970,4.0,3,185000
381,0.1333,40.810162,-81.389454,49.73,1925,2.0,3,76000
1474,0.1557,40.883581,-81.531238,41.9,2018,2.0,3,46900
8734,0.2755,41.091840000000005,-81.455936,31.66,1996,2.0,3,75000
5382,0.3264,41.000674,-81.60144,33.03,1909,1.0,2,54000
6778,3.37,41.164770000000004,-81.556751,24.43,2000,3.0,4,347000
2627,0.2497,41.009968,-81.86040600000001,29.73,1980,2.0,2,140000
7722,0.546,41.266483,-81.324763,29.88,2008,4.0,4,280000
4948,1.557,41.10885,-81.167295,42.32,1999,2.0,3,240000
5439,0.1607,41.010493,-81.637073,31.71,1939,1.0,4,42100
1528,0.2089,40.889136,-81.384574,45.17,2017,4.0,5,451000
5765,0.149,41.131653,-81.507244,27.83,1950,1.0,3,67000
8694,0.1251,41.088848,-81.57255,28.28,1949,1.0,2,70000
9419,0.3375,41.333436999999996,-81.837948,7.43,1959,3.0,3,196000
6277,0.0525,41.039863000000004,-81.57172,31.25,1926,1.0,3,9000
3646,0.1102,41.048623,-81.435774,34.63,1949,1.0,1,71000
7886,0.0689,41.059792,-81.490675,32.29,1914,1.0,3,23860
7072,0.0882,41.197590999999996,-80.964054,49.09,1920,1.0,3,23000
9278,1.0,41.326042,-81.785464,8.61,1932,1.0,2,40000
2979,0.4697,40.87214,-81.568881,41.9,2018,3.0,4,44800
6975,0.1997,41.184306,-81.461258,26.91,2002,2.0,3,36000
6205,0.0692,41.035602000000004,-81.581608,31.28,1920,1.0,3,66000
8445,0.823,41.291771000000004,-81.655813,14.44,2006,3.0,3,324900
2522,0.5698,40.99487,-81.784071,30.96,1958,4.0,6,307500
4324,0.303,40.966953000000004,-81.683011,33.84,1998,2.0,3,208000
2634,0.1377,41.011387,-81.594854,32.49,1933,2.0,3,122900
2367,0.2273,40.973490999999996,-81.786373,32.42,1949,1.0,3,125000
8088,0.1028,41.074777000000005,-81.55619,29.55,1919,1.0,3,24500
6370,0.124,41.044162,-81.524066,32.23,1918,1.0,3,48000
1454,1.09,40.881301,-81.541944,41.83,1943,2.0,3,88000
7085,3.19,41.199683,-82.006575,18.5,1954,1.0,2,105000
9266,0.4319,41.324833,-81.460442,21.81,2007,4.0,4,320000
9610,0.2009,41.343618,-81.38613000000001,25.06,1976,2.0,3,127000
1713,0.1584,40.818513,-81.360729,49.97,1938,1.0,2,37000
7825,0.2342,41.055744,-81.45613,33.59,2002,3.0,3,142000
4993,5.32,41.111684999999994,-81.089203,45.69,1971,2.0,3,195000
1830,0.3581,40.828153,-81.513541,45.79,1976,2.0,3,178500
6589,0.1286,41.153963,-81.484223,27.49,1953,2.0,3,155000
9955,0.6411,41.115693,-81.435499,31.15,1956,1.0,3,159900
1025,0.259,40.830178000000004,-81.770777,42.34,1992,1.0,3,115000
503,0.77,40.786313,-81.911992,45.27,1962,3.0,4,203000
5251,0.5845,41.124658000000004,-81.867365,21.83,1956,2.0,3,180000
5833,0.1791,41.134586999999996,-81.495746,28.07,1927,2.0,3,199850
2295,0.1722,40.966505,-81.848477,32.72,1914,2.0,4,105000
9261,15.68,41.323993,-82.042338,12.8,1900,2.0,3,247000
54,0.3085,40.776603,-81.546223,48.51,1925,1.0,3,90000
6016,0.4959,41.144314,-81.382271,31.83,1957,2.0,4,14000
9948,0.53,41.115482,-81.237946,39.01,1999,3.0,4,230000
3066,0.4591,40.881665999999996,-81.44377,44.03,1964,2.0,3,168000
8791,0.5188,41.094429999999996,-81.640731,26.28,1947,2.0,3,160000
8010,0.146,41.069453,-81.455688,32.86,1920,1.0,3,70100
4315,0.4649,40.96615,-81.699262,33.69,1976,3.0,2,149000
8572,0.2645,41.305089,-81.560441,17.76,2000,4.0,4,349900
8728,0.5484,41.090658000000005,-81.844605,24.16,2017,3.0,3,424900
151,0.2028,40.794098999999996,-81.492634,48.38,1971,1.0,3,48500
8677,0.1263,41.087965999999994,-81.470457,31.38,1941,1.0,2,15000
3399,0.0955,41.035003,-81.515734,32.99,1958,2.0,2,77000
6770,0.2521,41.164099,-81.44995,28.28,1958,2.0,3,160000
7396,0.2507,41.240432,-81.285508,32.49,1959,1.0,3,47000
3890,0.0918,41.064305,-81.488773,32.1,1929,1.0,3,5000
3861,0.0742,41.063189,-81.535742,30.79,1913,1.0,2,596
1626,0.5681,40.910707,-81.389288,43.78,2002,5.0,4,483400
2279,0.5368,40.962856,-81.454874,38.9,1988,3.0,4,285000
6286,0.0823,41.040273,-81.55662,31.6,1919,1.0,3,15000
6738,1.15,41.1623,-81.325731,33.41,1972,1.0,3,75000
5154,0.2459,41.119596,-81.54710899999999,27.22,1959,1.0,2,185000
3345,0.8192,41.032717,-81.578654,31.52,1948,2.0,5,50000
5768,0.36,41.131854,-81.62651899999999,24.3,1979,2.0,4,190000
1913,0.0574,40.836935,-81.76559300000001,41.9,1930,1.0,3,63300
6797,0.3416,41.16653,-81.416522,29.48,1993,3.0,4,410000
3978,0.1102,41.071391999999996,-81.57054000000001,29.37,1943,1.0,1,19000
1219,0.47600000000000003,40.849509999999995,-81.44736999999999,45.91,2018,3.0,3,47300
5004,0.4532,41.112102,-81.542397,27.79,1988,3.0,4,505000
1024,0.2583,40.830724,-81.513664,45.62,1962,2.0,4,150000
2489,0.1171,40.988496999999995,-81.53450500000001,35.29,1932,1.0,3,300000
8454,0.55,41.292513,-81.722615,12.21,2005,3.0,4,405000
8059,0.1423,41.072355,-81.457077,32.66,1920,1.0,3,18000
340,0.0918,40.806713,-81.403087,49.6,1919,1.0,3,12000
2734,0.1157,41.018992,-81.591303,32.09,1928,1.0,3,73755
5235,0.7059,41.123312,-81.587742,25.83,1941,4.0,4,270000
3635,6.67,41.047146999999995,-81.818617,27.21,1900,2.0,3,126000
7822,0.799,41.056024,-81.553381,30.74,1953,3.0,3,180000
4002,0.1038,41.072826,-81.456355,32.66,1919,1.0,3,2500
1758,0.2812,40.821608000000005,-81.422999,48.2,1952,2.0,3,149000
7033,0.155,41.191672,-80.96279399999999,49.3,1920,1.0,3,16200
2229,2.23,40.958188,-81.645476,34.98,1973,3.0,3,232000
670,0.2152,40.801553000000006,-81.44185999999999,49.0,1957,2.0,3,122000
7057,0.1469,41.193179,-81.347414,31.27,1980,2.0,3,169900
937,0.3372,40.821391999999996,-81.937345,42.97,1950,2.0,2,126900
2565,0.124,41.00307,-81.63716600000001,32.19,1927,1.0,3,109900
6662,1.287,41.158239,-82.649837,45.92,1989,2.0,2,10000
9620,0.11,41.344281,-82.097291,14.43,1944,1.0,2,62000
7143,2.24,41.210413,-81.862524,15.9,1999,3.0,4,347000
9107,0.972,41.312901000000004,-81.840377,8.84,1964,2.0,4,154400
502,1.133,40.786181,-81.706884,45.79,1953,1.0,2,128000
4746,1.0,41.095849,-81.239475,39.74,1935,1.0,2,76666
1507,2.003,40.886879,-81.88323199999999,38.26,2003,1.0,3,162500
2935,0.4775,40.862633,-81.499689,43.9,1975,3.0,3,183000
8961,1.55,41.104946999999996,-81.949308,23.73,1978,3.0,4,230000
526,0.2135,40.789904,-81.431989,49.95,1952,1.0,3,105000
3423,1.39,41.036882,-81.931934,28.19,1979,3.0,4,255000
8210,2.87,41.274513,-81.513824,20.94,1928,1.0,2,129000
2472,2.18,40.988133000000005,-81.195846,46.26,1968,2.0,3,199000
4806,0.1822,41.099340000000005,-81.41977,32.54,2017,2.0,2,60000
7778,0.1756,41.053514,-81.563796,30.62,1929,1.0,3,59000
2927,0.462,40.861196,-81.370046,47.2,1964,2.0,3,155000
6325,0.1102,41.041578,-81.509422,32.79,1931,2.0,3,105500
3650,0.1435,41.048818,-81.483376,33.13,1918,1.0,2,21000
4930,0.2066,41.108323,-81.507357,29.08,1920,3.0,5,20000
4844,2.31,41.101607,-81.220589,40.3,1994,3.0,4,276400
6014,0.1607,41.143814,-81.886658,20.57,1975,1.0,3,126000
8014,0.076,41.069483,-81.51586,30.99,1911,1.0,4,220000
4221,0.3214,40.952832,-81.387198,41.44,2004,3.0,3,239900
1109,1.225,40.837804999999996,-81.978625,42.14,1990,4.0,4,237500
933,0.1693,40.821745,-81.40411,48.66,1949,3.0,3,122500
6636,0.45799999999999996,41.156083,-81.339445,33.08,1983,3.0,3,290000
6307,0.1102,41.041302,-81.511252,32.75,1919,1.0,4,68000
9869,5.0,41.110690000000005,-81.864294,22.78,1870,2.0,3,250000
6624,0.5124,41.154763,-81.531654,25.79,1964,3.0,4,185000
844,0.2757,40.8146,-81.49852,46.95,2018,3.0,4,259700
3250,0.6749,40.912941,-81.395211,43.48,2001,5.0,4,385000
8185,0.3,41.270182,-82.050913,15.71,1941,2.0,3,130000
961,0.3196,40.8239,-81.517882,45.97,1958,2.0,3,144000
1602,0.396,40.905498,-81.734041,37.43,1985,1.0,3,130500
3233,0.4591,40.908829,-81.36755500000001,44.52,1959,2.0,3,146500
4228,0.3005,40.954595,-81.47839599999999,38.76,2000,4.0,4,293500
8488,1.14,41.296114,-82.07476899999999,15.33,1990,3.0,4,306100
4267,0.47,40.960434,-81.411488,40.28,1982,2.0,3,169900
4467,0.3967,40.986699,-81.481139,36.78,1998,4.0,3,395100
1994,0.13,40.844266999999995,-81.75252900000001,41.48,1945,1.0,4,100000
4845,0.4591,41.101217,-81.422096,32.36,1972,2.0,3,165000
3294,0.1148,41.030262,-82.011136,29.53,1908,1.0,3,15000
4470,0.5693,40.986969,-81.446403,37.74,1953,1.0,3,40000
2749,0.124,41.020025,-81.626083,31.3,1957,1.0,2,46100
2828,0.532,41.026629,-81.274556,41.45,1955,1.0,3,33000
2983,0.5014,40.871999,-81.460652,44.21,1938,2.0,2,140000
3431,0.0999,41.037358000000005,-81.44501899999999,34.95,1923,1.0,4,15100
3900,0.1694,41.065939,-81.456,33.04,1952,1.0,2,45500
7456,0.7982,41.243342,-82.703259,46.38,1938,1.0,2,40000
9573,0.3283,41.341017,-81.873474,6.98,1979,3.0,3,164500
5230,0.34,41.123549,-81.311755,35.59,2014,4.0,4,373000
3120,0.1377,40.888187,-81.604384,40.24,1889,2.0,3,149900
4561,0.1439,41.084303000000006,-81.54762,29.23,1924,1.0,4,16500
6775,0.2523,41.164891,-81.366137,31.6,1973,2.0,3,146500
6865,0.528,41.171134,-81.457302,27.67,1972,3.0,4,230000
5183,0.1591,41.120875,-81.584712,26.06,1941,2.0,4,168200
5635,0.1388,41.025501,-81.57151999999999,32.14,1957,2.0,3,94800
786,0.6313,40.808409000000005,-81.465459,48.04,1968,4.0,5,110000
6122,0.135,41.149823,-81.48676400000001,27.6,1950,2.0,3,121500
3491,0.3343,41.040807,-81.42179499999999,35.51,1927,1.0,3,80500
7101,0.2583,41.1987,-81.39739499999999,28.9,1972,1.0,3,142100
4866,0.132,41.103922,-81.477011,30.31,1959,1.0,3,97000
7412,2.5,41.240472,-81.210821,36.04,1991,2.0,3,105000
1559,0.4281,40.89433,-81.32466,46.63,2018,2.0,3,271100
7585,0.0,41.250662,-82.103988,18.58,2015,3.0,3,322400
7081,0.2821,41.198758000000005,-81.399974,28.79,1960,1.0,3,150000
1268,1.0606,40.854521999999996,-81.909762,40.57,1978,2.0,3,175000
2491,0.391,40.990287,-81.46157099999999,37.12,1987,2.0,3,151000
6095,0.4821,41.148067,-81.51573,26.68,1988,5.0,3,290000
1427,0.1596,40.878033,-81.407004,45.21,1937,2.0,3,106000
4815,0.2117,41.100083000000005,-81.539957,28.54,1909,2.0,3,140000
8121,0.1148,41.077296999999994,-81.465192,32.13,1943,1.0,2,61500
6804,1.0,41.167444,-81.917026,19.17,1969,2.0,3,165000
1653,0.2793,40.813790999999995,-81.578763,45.53,2018,3.0,3,15000
3188,0.3134,40.89997,-81.42956,43.3,2018,2.0,3,119000
8924,3.405,41.100234,-81.01270500000001,49.56,2003,3.0,3,189000
3601,2.0,41.045699,-81.329162,38.49,1994,5.0,3,506000
1121,1.5,40.838164,-81.987646,42.19,1987,3.0,2,250000
7717,0.7035,41.265265,-81.424368,25.27,1964,3.0,4,283000
4179,0.3489,40.946762,-81.402266,41.34,1996,4.0,4,205000
9061,0.15,41.31183,-81.94004,10.03,2013,3.0,4,245000
4004,0.1446,41.072879,-81.472724,32.13,1918,1.0,3,3000
4209,3.43,40.953109999999995,-81.315448,43.71,1931,1.0,3,50000
9183,0.4726,41.31613,-81.44109,22.97,2017,4.0,5,514810
9632,0.4637,41.344297999999995,-81.761043,8.13,1955,1.0,3,160000
8308,0.3214,41.281843,-81.822887,11.06,1997,4.0,4,360000
8444,2.12,41.292093,-81.767543,11.13,2003,3.0,4,475000
6233,2.0,41.036699,-81.079573,48.9,1972,1.0,3,117500
6237,0.1166,41.037163,-81.51410200000001,32.91,1939,2.0,3,95900
2856,0.2176,41.028166,-81.5731,31.93,1952,1.0,3,78500
6281,0.1102,41.039975,-81.511158,32.83,1918,1.0,3,30000
1102,0.45899999999999996,40.83729,-81.76341,41.89,1977,3.0,4,120000
5325,0.4164,40.990936,-81.507232,35.83,1942,3.0,3,100100
7705,0.2755,41.263921,-81.836715,12.22,1974,2.0,4,167000
8676,0.395,41.087298,-81.398611,33.9,1993,3.0,4,198500
2043,0.3673,40.851991999999996,-81.38095600000001,47.45,1969,3.0,3,135000
7684,3.82,41.261943,-81.602987,17.84,2003,3.0,4,360000
3011,0.5895,40.876677,-81.31118199999999,48.03,1910,2.0,4,60100
8637,0.138,41.085683,-81.44890799999999,32.22,2004,2.0,2,45880
1680,0.1469,40.815245000000004,-81.412165,48.86,1925,1.0,2,73000
4090,7.2119,40.920875,-81.461715,41.21,1950,1.0,3,198000
6654,0.1377,41.157222999999995,-81.487972,27.19,1948,1.0,3,103000
9922,0.6273,41.114354,-81.677063,24.27,1976,3.0,4,243000
6186,0.1591,41.034521000000005,-81.50191,33.41,1956,2.0,2,62000
4524,0.4039,41.08137,-81.595704,28.13,1941,2.0,3,164000
6280,0.1212,41.039967,-81.50856,32.9,1929,1.0,3,60000
9704,0.9183,41.347964000000005,-81.776504,7.48,1951,1.0,2,112000
3956,0.1377,41.069483,-81.447689,33.12,1956,1.0,3,115000
136,0.2177,40.792363,-81.471335,48.93,1973,1.0,3,120000
9233,0.5303,41.320791,-81.713592,10.93,1999,3.0,4,330000
9707,0.13,41.348884000000005,-81.88703000000001,6.61,1944,2.0,3,8000
8421,0.7346,41.291036,-81.7945,10.74,1968,2.0,3,203000
5596,0.3995,41.022875,-81.518589,33.63,1928,1.0,3,49400
6632,0.115,41.156158000000005,-81.240624,37.34,1940,1.0,2,49000
3140,0.2837,40.89043,-81.585555,40.42,1977,2.0,3,116800
7347,0.2066,41.237863,-81.032864,44.79,2001,2.0,3,70000
4226,0.6942,40.954508000000004,-81.365975,42.01,1976,3.0,3,154500
1250,0.3049,40.853085,-81.471254,45.13,2017,3.0,4,498900
989,0.2961,40.827166,-81.416748,48.02,1949,2.0,3,160000
9652,4.59,41.345624,-81.910873,7.27,1945,1.0,2,105000
4920,0.17,41.107602,-82.61149300000001,45.79,1913,2.0,4,32000
308,4.11,40.80516,-81.97792,44.36,1896,2.0,4,181980
5456,0.0964,41.012256,-81.61421800000001,32.03,1901,2.0,3,67000
4618,0.3208,41.088919,-81.60469499999999,27.45,1936,2.0,3,126671
4851,0.0735,41.102624,-81.503576,29.52,1918,1.0,2,37950
70,0.273,40.782452,-81.932214,45.62,1900,1.0,3,35000
8995,0.2101,41.107284,-81.561695,27.5,1938,3.0,3,209000
1750,0.376,40.820545,-81.941261,43.05,1951,2.0,4,177000
2204,0.5657,40.9549,-81.543235,37.16,1961,2.0,3,137000
5632,0.1157,41.024768,-81.59624699999999,31.62,2004,3.0,3,110000
1618,0.4729,40.906853999999996,-81.576561,39.52,1977,1.0,3,147000
8977,0.2369,41.106175,-81.561215,27.57,1952,2.0,2,100000
1147,0.1458,40.841402,-81.39636899999999,47.67,1948,2.0,3,65000
3296,0.124,41.030421000000004,-81.543251,32.53,1931,1.0,3,22200
2086,0.359,40.927448,-81.486162,40.2,2011,4.0,5,325000
5000,0.1915,41.11193,-81.48299300000001,29.69,1999,3.0,3,149000
9966,0.1297,41.116169,-81.50000899999999,28.9,1924,2.0,2,17000
1492,0.3074,40.885533,-81.57820699999999,40.86,1971,3.0,4,167000
4976,0.37,41.110640999999994,-81.79459399999999,22.97,2017,4.0,4,468100
956,0.1291,40.823943,-81.380197,49.14,1925,1.0,3,92500
5184,0.0895,41.121878,-81.243157,38.53,1955,1.0,3,51400
9766,1.63,41.352564,-82.70473199999999,44.79,1979,2.0,3,173000
1220,0.2066,40.849509999999995,-81.44736999999999,45.91,2017,3.0,3,349900
625,0.1286,40.79861,-81.511286,47.72,1900,1.0,2,27000
9492,0.93,41.337885,-82.054367,12.74,1993,4.0,3,120000
6558,0.2583,41.15202,-81.463013,28.36,1958,3.0,3,205500
8940,0.1364,41.102641,-81.522071,28.94,1913,3.0,3,48000
3787,2.0,41.056201,-81.3654,36.65,1960,2.0,3,180000
4089,0.135,41.080019,-81.558413,29.18,1931,1.0,3,40000
3768,0.1182,41.055890999999995,-81.451839,33.72,1952,1.0,2,74000
8596,0.1033,41.082751,-81.47676899999999,31.46,1926,1.0,2,22000
9468,0.3362,41.33665,-82.07275,13.59,2005,3.0,3,223000
5517,0.168,41.017936999999996,-81.625608,31.45,1917,1.0,2,25000
1341,0.3357,40.865196000000005,-81.460207,44.64,1941,1.0,3,120000
7738,0.22699999999999998,41.267101000000004,-81.359289,28.23,1998,3.0,3,228000
1499,1.7,40.886579,-81.485203,42.73,1971,1.0,3,160000
9910,0.10099999999999999,41.113609000000004,-81.50789499999999,28.78,1943,2.0,4,78000
9655,0.0812,41.345381,-81.428033,22.94,1996,3.0,2,240000
8536,0.0,41.300032,-81.370295,26.8,1976,5.0,4,435000
5643,0.1864,41.025655,-81.72109499999999,29.43,1920,1.0,3,105000
5760,0.2996,41.129306,-81.583435,25.6,1953,2.0,3,137540
1447,0.1921,40.87908,-81.415637,44.91,1960,1.0,3,126000
6968,0.4591,41.181958,-81.397095,29.6,1972,3.0,3,300000
2525,0.929,40.997187,-81.566914,33.99,1938,1.0,3,61900
1200,0.0551,40.84832,-81.35623100000001,48.34,1980,3.0,2,73000
5307,0.0918,41.128976,-81.47792,28.98,1918,1.0,3,79900
576,0.1432,40.794967,-81.512712,47.93,1887,1.0,2,17000
5368,0.1192,40.998551,-81.599897,33.2,2000,1.0,3,62000
6283,0.141,41.040172999999996,-81.555526,31.63,1909,1.0,3,37580
6149,0.6123,41.031681,-81.655342,30.01,1957,3.0,3,231800
8283,1.73,41.28045,-81.526653,20.16,1969,2.0,3,590
4180,0.2978,40.948664,-81.40020799999999,41.29,2002,2.0,3,235000
6867,0.37,41.17095,-82.223851,26.89,1900,2.0,4,127000
1754,0.2778,40.821315999999996,-81.521072,46.08,1974,2.0,3,125000
2073,2.699,40.92713,-81.98745,36.15,1860,2.0,3,98000
4689,0.1515,41.093203,-81.566851,28.17,1927,1.0,3,52500
4063,0.1635,41.077773,-81.493788,31.19,1914,1.0,3,42250
3510,0.1148,41.042227000000004,-81.483868,33.49,1943,1.0,3,35000
874,0.6129,40.816515,-81.934099,43.29,1865,2.0,3,205000
8085,0.932,41.073890000000006,-81.416955,33.93,1960,2.0,2,151500
585,0.3914,40.795614,-81.557647,47.07,1900,2.0,3,42500
63,0.4477,40.778892,-81.96714899999999,46.07,1962,3.0,4,175000
4836,0.1478,41.101797,-81.525237,28.89,1924,1.0,3,2500
4491,0.8316,40.989768,-81.412931,38.59,1993,3.0,4,215000
8680,0.1102,41.088086,-81.561574,28.62,1928,1.0,3,23110
9675,0.1791,41.346594,-81.383505,25.14,1955,1.0,2,86000
7050,0.2212,41.192544,-81.423563,28.06,2008,4.0,3,251900
2346,0.4419,40.972057,-81.479709,37.68,1956,1.0,2,79000
4723,0.1722,41.094823,-81.492541,30.3,1952,1.0,4,54000
5606,0.1212,41.023447,-81.60003,31.62,1926,2.0,3,25000
622,0.711,40.798536999999996,-82.023218,45.22,1994,2.0,3,74900
6067,0.1894,41.146347,-81.863691,20.32,1922,1.0,3,124000
6726,0.24100000000000002,41.161509,-81.429992,29.17,1960,1.0,3,95000
6871,0.1295,41.1713,-81.53254,24.9,2017,3.0,4,281610
6419,0.124,41.045902000000005,-81.520696,32.22,1918,1.0,4,3300
8864,0.2223,41.097597,-81.561853,28.05,1958,2.0,4,179000
3672,0.1148,41.049892,-81.522611,31.93,1919,1.0,3,9500
5119,0.2687,41.117437,-81.56021,26.96,1955,1.0,3,33000
322,0.0448,40.805642999999996,-81.398169,49.78,1929,1.0,2,24900
9606,2.98,41.343295,-81.896243,7.12,1966,3.0,4,368000
7866,0.1433,41.059020000000004,-81.512913,31.68,1910,2.0,3,40000
4678,0.157,41.091846999999994,-81.557472,28.51,1925,3.0,4,90000
5259,0.27399999999999997,41.125377,-81.840508,21.77,1975,2.0,3,156000
8490,0.18899999999999997,41.296228,-81.83876,9.99,1991,2.0,3,180000
9032,0.2295,41.309619,-81.825108,9.14,1990,3.0,4,262000
2879,0.528,40.854369,-81.29044499999999,49.92,1964,3.0,3,135000
4119,2.701,40.930803999999995,-81.894195,35.26,2002,2.0,3,158000
74,0.0918,40.783306,-81.526761,48.42,1918,1.0,3,30200
2516,1.5,40.99357,-81.721825,31.58,1974,2.0,3,147000
1747,0.1457,40.820896999999995,-81.36069300000001,49.83,1940,2.0,3,75500
7842,0.0692,41.056955,-81.89752800000001,26.59,1959,1.0,3,122000
2369,1.03,40.975387,-81.54310799999999,35.89,1976,3.0,3,7318
4107,3.35,40.929026,-81.568203,38.26,1980,2.0,3,196000
359,0.2541,40.808063,-81.430737,48.85,1964,2.0,3,125000
4842,0.1653,41.101872,-81.564163,27.74,1949,3.0,3,147500
9499,0.1934,41.338623999999996,-82.07950100000001,13.81,2002,3.0,3,229000
3940,3.91,41.068777000000004,-82.162592,30.37,1994,2.0,3,160000
3090,2.62,40.884338,-81.496524,42.61,1993,4.0,4,440000
1085,0.7909,40.835152,-81.400296,47.94,1978,3.0,3,215400
8756,0.1837,41.093133,-81.49498100000001,30.31,1961,2.0,3,22726
