geoid,name,med/housing,"B25077001, Error"
04000US39,56,135100,345
86000US16159,16159,125900,12886
86000US43001,43001,195200,44548
86000US43002,43002,152500,21325
86000US43003,43003,140400,18088
86000US43004,43004,168400,6263
86000US43005,43005,0,0
86000US43006,43006,99000,92195
86000US43008,43008,98600,20454
86000US43009,43009,190200,30943
86000US43010,43010,86800,13902
86000US43011,43011,183600,21333
86000US43013,43013,153200,31441
86000US43014,43014,142200,17959
86000US43015,43015,188700,4890
86000US43016,43016,268500,10670
86000US43017,43017,332400,8088
86000US43019,43019,134500,16487
86000US43021,43021,360100,16196
86000US43022,43022,208400,25811
86000US43023,43023,278100,24737
86000US43025,43025,164400,11158
86000US43026,43026,195300,3731
86000US43028,43028,141900,8798
86000US43029,43029,161700,17646
86000US43030,43030,0,0
86000US43031,43031,193100,15598
86000US43032,43032,0,0
86000US43033,43033,100000,13003
86000US43035,43035,289500,5551
86000US43036,43036,82500,11181
86000US43037,43037,75000,64128
86000US43040,43040,183600,6335
86000US43044,43044,126600,13720
86000US43045,43045,161100,21613
86000US43046,43046,175600,25770
86000US43050,43050,121800,5593
86000US43054,43054,327500,10764
86000US43055,43055,125900,3532
86000US43056,43056,141500,6348
86000US43060,43060,126000,10075
86000US43061,43061,243900,35813
86000US43062,43062,179500,6072
86000US43064,43064,233200,10864
86000US43065,43065,320000,7073
86000US43066,43066,199300,37817
86000US43067,43067,155600,39302
86000US43068,43068,139100,3418
86000US43070,43070,60400,14813
86000US43071,43071,141500,39714
86000US43072,43072,125400,10772
86000US43074,43074,243600,10085
86000US43076,43076,152000,13016
86000US43077,43077,101800,34482
86000US43078,43078,124900,5815
86000US43080,43080,142500,20110
86000US43081,43081,187300,5217
86000US43082,43082,296700,6903
86000US43084,43084,122000,23300
86000US43085,43085,238200,6418
86000US43101,43101,79200,17787
86000US43102,43102,164000,9585
86000US43103,43103,161100,5757
86000US43105,43105,177200,10083
86000US43106,43106,84400,9500
86000US43107,43107,121900,11645
86000US43109,43109,93100,8938
86000US43110,43110,162100,5650
86000US43111,43111,77000,57471
86000US43112,43112,236500,19078
86000US43113,43113,144000,7628
86000US43115,43115,124800,64676
86000US43116,43116,181200,11983
86000US43117,43117,0,0
86000US43119,43119,144000,4377
86000US43123,43123,155200,3477
86000US43125,43125,145300,10714
86000US43126,43126,111900,7319
86000US43127,43127,106300,44833
86000US43128,43128,86300,7188
86000US43130,43130,138100,4353
86000US43135,43135,117000,9439
86000US43136,43136,197100,22280
86000US43137,43137,124500,34327
86000US43138,43138,118300,7527
86000US43140,43140,156100,6292
86000US43142,43142,63000,15051
86000US43143,43143,128600,15747
86000US43144,43144,49400,18247
86000US43145,43145,111800,17050
86000US43146,43146,181300,10649
86000US43147,43147,199100,4994
86000US43148,43148,155500,18672
86000US43149,43149,139900,16672
86000US43150,43150,135500,15781
86000US43151,43151,86700,17007
86000US43152,43152,85300,34438
86000US43153,43153,156300,31844
86000US43154,43154,137200,19138
86000US43155,43155,146800,14045
86000US43156,43156,80000,26581
86000US43157,43157,97500,10220
86000US43158,43158,58600,7148
86000US43160,43160,110300,5159
86000US43162,43162,136400,4606
86000US43164,43164,132900,11820
86000US43201,43201,225500,18637
86000US43202,43202,193800,8024
86000US43203,43203,89400,24330
86000US43204,43204,99500,3321
86000US43205,43205,116900,11238
86000US43206,43206,117300,19124
86000US43207,43207,85100,1959
86000US43209,43209,228000,7525
86000US43210,43210,0,0
86000US43211,43211,53300,2699
86000US43212,43212,297900,17011
86000US43213,43213,98600,6414
86000US43214,43214,228300,4660
86000US43215,43215,252700,29352
86000US43217,43217,28800,7980
86000US43219,43219,88600,5470
86000US43220,43220,296300,11904
86000US43221,43221,263400,8376
86000US43222,43222,48000,7555
86000US43223,43223,79600,4996
86000US43224,43224,86600,1966
86000US43227,43227,78700,1810
86000US43228,43228,115100,4398
86000US43229,43229,122100,2405
86000US43230,43230,173700,3996
86000US43231,43231,133900,4240
86000US43232,43232,94600,3663
86000US43235,43235,224800,5155
86000US43240,43240,200500,12814
86000US43302,43302,86900,2205
86000US43310,43310,123100,20413
86000US43311,43311,121100,7295
86000US43314,43314,150600,18727
86000US43315,43315,135200,15288
86000US43316,43316,114300,7488
86000US43317,43317,85000,53581
86000US43318,43318,132600,27513
86000US43319,43319,160500,38247
86000US43320,43320,117700,24604
86000US43321,43321,110900,7726
86000US43322,43322,77500,12682
86000US43323,43323,114100,8058
86000US43324,43324,162400,16860
86000US43326,43326,93800,3196
86000US43330,43330,68900,12334
86000US43331,43331,89200,18655
86000US43332,43332,92400,12213
86000US43333,43333,110400,46586
86000US43334,43334,150300,11894
86000US43336,43336,0,0
86000US43337,43337,97900,28915
86000US43338,43338,145200,17383
86000US43340,43340,121800,21315
86000US43341,43341,93800,23319
86000US43342,43342,127200,17472
86000US43343,43343,127800,26740
86000US43344,43344,133400,8897
86000US43345,43345,129800,17694
86000US43347,43347,136800,29567
86000US43348,43348,89700,11998
86000US43351,43351,112000,12078
86000US43356,43356,136700,24876
86000US43357,43357,156700,12672
86000US43358,43358,121100,20238
86000US43359,43359,108800,14642
86000US43360,43360,181100,12542
86000US43402,43402,173200,4995
86000US43403,43403,0,0
86000US43406,43406,99800,13223
86000US43407,43407,114200,21249
86000US43408,43408,83600,7058
86000US43410,43410,112000,11312
86000US43412,43412,156500,16378
86000US43413,43413,104800,13313
86000US43416,43416,138200,16688
86000US43420,43420,108600,4438
86000US43430,43430,117000,7381
86000US43431,43431,109900,6989
86000US43432,43432,136300,46736
86000US43433,43433,0,0
86000US43434,43434,70000,29447
86000US43435,43435,121400,26692
86000US43437,43437,112500,16085
86000US43438,43438,292700,72012
86000US43439,43439,0,0
86000US43440,43440,173900,11524
86000US43442,43442,113200,11315
86000US43443,43443,151600,16799
86000US43445,43445,136500,29918
86000US43446,43446,234100,43366
86000US43447,43447,131600,10804
86000US43449,43449,129600,9197
86000US43450,43450,162000,11331
86000US43451,43451,141100,35437
86000US43452,43452,154700,6197
86000US43456,43456,408300,82966
86000US43457,43457,100600,10776
86000US43458,43458,87600,17546
86000US43460,43460,134500,14556
86000US43462,43462,104100,18393
86000US43463,43463,0,0
86000US43464,43464,97100,62258
86000US43465,43465,101400,10565
86000US43466,43466,106800,9858
86000US43467,43467,67500,61699
86000US43468,43468,92700,9360
86000US43469,43469,139700,8806
86000US43501,43501,100800,32822
86000US43502,43502,138000,8817
86000US43504,43504,157300,14788
86000US43505,43505,80000,24993
86000US43506,43506,97500,6689
86000US43511,43511,128000,19007
86000US43512,43512,113300,3635
86000US43515,43515,135900,8788
86000US43516,43516,96000,5240
86000US43517,43517,110000,11713
86000US43518,43518,104300,16740
86000US43519,43519,66700,35269
86000US43521,43521,83000,6962
86000US43522,43522,161400,21194
86000US43523,43523,0,0
86000US43524,43524,96900,4605
86000US43525,43525,164400,6140
86000US43526,43526,107700,10602
86000US43527,43527,92500,6064
86000US43528,43528,179100,7673
86000US43529,43529,46900,23147
86000US43531,43531,105000,69721
86000US43532,43532,136400,10059
86000US43533,43533,126300,32459
86000US43534,43534,89200,13142
86000US43535,43535,119500,13589
86000US43536,43536,0,0
86000US43537,43537,168300,5175
86000US43540,43540,121100,27845
86000US43541,43541,86100,25326
86000US43542,43542,263800,53699
86000US43543,43543,86100,3254
86000US43545,43545,122400,7699
86000US43547,43547,187500,65437
86000US43548,43548,105000,12683
86000US43549,43549,109900,16800
86000US43551,43551,195200,5205
86000US43553,43553,114200,38626
86000US43554,43554,93100,8668
86000US43555,43555,99500,40968
86000US43556,43556,103700,12008
86000US43557,43557,125300,12089
86000US43558,43558,145700,7334
86000US43560,43560,185200,6436
86000US43565,43565,132400,20099
86000US43566,43566,183600,19589
86000US43567,43567,136600,7248
86000US43569,43569,111800,17430
86000US43570,43570,96100,3478
86000US43571,43571,206300,17087
86000US43604,43604,32000,5613
86000US43605,43605,40600,2626
86000US43606,43606,120700,4324
86000US43607,43607,54700,3429
86000US43608,43608,41400,3381
86000US43609,43609,47200,3038
86000US43610,43610,49300,7443
86000US43611,43611,82100,3445
86000US43612,43612,67000,1906
86000US43613,43613,91100,1996
86000US43614,43614,115500,3163
86000US43615,43615,102900,4053
86000US43616,43616,136800,5971
86000US43617,43617,202600,15039
86000US43619,43619,129800,10548
86000US43620,43620,83000,25120
86000US43623,43623,120600,4608
86000US43701,43701,107700,4134
86000US43711,43711,0,0
86000US43713,43713,102600,16363
86000US43716,43716,106600,41587
86000US43717,43717,68000,16468
86000US43718,43718,111400,24272
86000US43719,43719,93700,17665
86000US43720,43720,111100,39899
86000US43721,43721,0,0
86000US43722,43722,65600,12260
86000US43723,43723,81500,4800
86000US43724,43724,89700,11320
86000US43725,43725,107000,5123
86000US43727,43727,96400,20398
86000US43728,43728,65300,22126
86000US43730,43730,88300,12992
86000US43731,43731,74100,7193
86000US43732,43732,104800,25268
86000US43733,43733,0,0
86000US43734,43734,106000,31694
86000US43735,43735,72200,66441
86000US43736,43736,0,0
86000US43738,43738,60000,34600
86000US43739,43739,154300,36187
86000US43740,43740,100000,13499
86000US43746,43746,131700,41553
86000US43747,43747,79000,11446
86000US43748,43748,98200,21040
86000US43749,43749,101600,35653
86000US43750,43750,0,0
86000US43754,43754,133100,45013
86000US43755,43755,99000,18969
86000US43756,43756,92700,6303
86000US43758,43758,89500,15752
86000US43759,43759,33800,13471
86000US43760,43760,158700,10284
86000US43761,43761,0,0
86000US43762,43762,151700,12688
86000US43764,43764,88400,5965
86000US43766,43766,69600,20593
86000US43767,43767,137800,32397
86000US43768,43768,88800,26318
86000US43771,43771,85400,7909
86000US43772,43772,75600,5710
86000US43773,43773,105200,19598
86000US43777,43777,79500,7134
86000US43778,43778,112600,10519
86000US43779,43779,98300,12127
86000US43780,43780,122800,16532
86000US43782,43782,55700,41941
86000US43783,43783,148500,16971
86000US43786,43786,71700,61877
86000US43787,43787,94100,13766
86000US43788,43788,128100,74764
86000US43793,43793,82500,6495
86000US43802,43802,125700,59751
86000US43804,43804,183700,37383
86000US43805,43805,0,0
86000US43811,43811,82900,7939
86000US43812,43812,87500,4339
86000US43821,43821,120000,13103
86000US43822,43822,115900,19440
86000US43824,43824,151100,31793
86000US43830,43830,156800,8205
86000US43832,43832,91300,9273
86000US43836,43836,69000,6348
86000US43837,43837,99000,14472
86000US43840,43840,142400,37365
86000US43842,43842,71300,39541
86000US43843,43843,156700,31020
86000US43844,43844,111900,11787
86000US43845,43845,88000,5988
86000US43901,43901,83700,12772
86000US43902,43902,0,0
86000US43903,43903,102800,18945
86000US43905,43905,0,0
86000US43906,43906,86000,9880
86000US43907,43907,93100,6718
86000US43908,43908,79800,32454
86000US43910,43910,126800,23955
86000US43912,43912,81700,3993
86000US43913,43913,69300,5675
86000US43914,43914,99300,30836
86000US43915,43915,103800,15463
86000US43917,43917,74500,5371
86000US43920,43920,80500,4859
86000US43925,43925,0,0
86000US43926,43926,60000,38533
86000US43927,43927,60000,9646
86000US43928,43928,0,0
86000US43930,43930,79000,60912
86000US43931,43931,0,0
86000US43932,43932,62000,21070
86000US43933,43933,91800,19696
86000US43934,43934,71200,20392
86000US43935,43935,79300,4765
86000US43938,43938,74800,6623
86000US43939,43939,68900,18796
86000US43940,43940,0,0
86000US43942,43942,90400,8083
86000US43943,43943,87100,7948
86000US43944,43944,101800,16409
86000US43945,43945,96800,20072
86000US43946,43946,116200,29463
86000US43947,43947,94900,7093
86000US43948,43948,65000,10134
86000US43950,43950,143000,10260
86000US43951,43951,0,0
86000US43952,43952,83500,4385
86000US43953,43953,116200,4644
86000US43961,43961,54600,16690
86000US43962,43962,80000,12322
86000US43963,43963,81700,6016
86000US43964,43964,90000,4639
86000US43967,43967,0,0
86000US43968,43968,73500,9803
86000US43970,43970,0,0
86000US43971,43971,79500,5157
86000US43972,43972,0,0
86000US43973,43973,91500,6819
86000US43974,43974,80000,17290
86000US43976,43976,87900,9292
86000US43977,43977,75700,5551
86000US43983,43983,57800,29869
86000US43985,43985,71700,30239
86000US43986,43986,87900,10271
86000US43988,43988,82700,17576
86000US44001,44001,148000,5259
86000US44003,44003,89700,12820
86000US44004,44004,88300,2960
86000US44010,44010,153700,13379
86000US44011,44011,265800,11115
86000US44012,44012,229300,10623
86000US44017,44017,130100,3602
86000US44021,44021,171600,9393
86000US44022,44022,346500,12026
86000US44023,44023,289300,12377
86000US44024,44024,220700,8154
86000US44026,44026,221700,12377
86000US44028,44028,192400,17849
86000US44030,44030,95000,5694
86000US44032,44032,100600,22163
86000US44035,44035,102500,2895
86000US44039,44039,164900,3901
86000US44040,44040,431700,34560
86000US44041,44041,112900,7318
86000US44044,44044,169100,7263
86000US44045,44045,124000,9789
86000US44046,44046,179500,17037
86000US44047,44047,124700,9914
86000US44048,44048,104400,16862
86000US44049,44049,91000,10170
86000US44050,44050,165200,6938
86000US44052,44052,74700,2072
86000US44053,44053,129100,7105
86000US44054,44054,124000,5346
86000US44055,44055,65000,1946
86000US44056,44056,203000,11933
86000US44057,44057,130300,6881
86000US44060,44060,166900,2834
86000US44062,44062,170300,4004
86000US44064,44064,193000,16718
86000US44065,44065,206000,23943
86000US44067,44067,184000,6099
86000US44070,44070,147600,2885
86000US44072,44072,278300,41116
86000US44074,44074,169900,8841
86000US44076,44076,132300,17844
86000US44077,44077,156500,4344
86000US44080,44080,0,0
86000US44081,44081,170100,4621
86000US44082,44082,154500,17402
86000US44084,44084,137600,15014
86000US44085,44085,124400,16092
86000US44086,44086,181700,14671
86000US44087,44087,206100,8215
86000US44089,44089,142500,8534
86000US44090,44090,159000,7430
86000US44092,44092,122900,2964
86000US44093,44093,105800,23779
86000US44094,44094,176700,8154
86000US44095,44095,120800,1878
86000US44099,44099,168600,22106
86000US44101,44101,0,0
86000US44102,44102,63100,4625
86000US44103,44103,51600,6723
86000US44104,44104,45600,3983
86000US44105,44105,49200,1913
86000US44106,44106,154200,15598
86000US44107,44107,140500,2334
86000US44108,44108,56400,2939
86000US44109,44109,74500,2017
86000US44110,44110,50500,3147
86000US44111,44111,84700,2501
86000US44112,44112,59800,3060
86000US44113,44113,168500,17340
86000US44114,44114,77600,18700
86000US44115,44115,84500,8722
86000US44116,44116,223000,7455
86000US44117,44117,89400,5015
86000US44118,44118,145700,2820
86000US44119,44119,77600,4467
86000US44120,44120,92100,6761
86000US44121,44121,96800,2145
86000US44122,44122,228700,10008
86000US44123,44123,78200,3485
86000US44124,44124,151700,3846
86000US44125,44125,74500,1916
86000US44126,44126,148200,3433
86000US44127,44127,30500,6457
86000US44128,44128,67300,1587
86000US44129,44129,102600,2046
86000US44130,44130,125600,2223
86000US44131,44131,174700,4034
86000US44132,44132,81600,2705
86000US44133,44133,195700,5788
86000US44134,44134,107800,2172
86000US44135,44135,77700,2410
86000US44136,44136,196100,4746
86000US44137,44137,68800,2639
86000US44138,44138,155300,5391
86000US44139,44139,273300,7557
86000US44140,44140,218800,7580
86000US44141,44141,256400,11869
86000US44142,44142,112200,1571
86000US44143,44143,186200,6537
86000US44144,44144,89500,2452
86000US44145,44145,241900,9816
86000US44146,44146,100700,3944
86000US44147,44147,224500,11024
86000US44149,44149,198400,6359
86000US44201,44201,166700,13737
86000US44202,44202,235200,9458
86000US44203,44203,104800,3541
86000US44212,44212,169000,2954
86000US44214,44214,166500,19545
86000US44215,44215,146000,16463
86000US44216,44216,155600,6717
86000US44217,44217,124400,9062
86000US44221,44221,111700,2137
86000US44223,44223,146300,4775
86000US44224,44224,170400,3257
86000US44230,44230,146200,9399
86000US44231,44231,142100,9912
86000US44233,44233,307300,21205
86000US44234,44234,185100,12685
86000US44235,44235,199100,28950
86000US44236,44236,316600,8736
86000US44240,44240,149000,5377
86000US44241,44241,141100,6985
86000US44243,44243,0,0
86000US44250,44250,108300,32428
86000US44251,44251,224100,14532
86000US44253,44253,199500,17270
86000US44254,44254,140600,8134
86000US44255,44255,142800,11702
86000US44256,44256,201200,4371
86000US44260,44260,152300,7636
86000US44262,44262,153300,10506
86000US44264,44264,238700,11024
86000US44265,44265,0,0
86000US44266,44266,117600,4794
86000US44270,44270,121900,7379
86000US44272,44272,157700,10091
86000US44273,44273,173400,8840
86000US44274,44274,179900,40153
86000US44275,44275,163900,8583
86000US44276,44276,135200,20473
86000US44278,44278,160600,3473
86000US44280,44280,261300,13585
86000US44281,44281,176200,6854
86000US44285,44285,0,0
86000US44286,44286,304500,30335
86000US44287,44287,119700,9647
86000US44288,44288,104100,8183
86000US44301,44301,77600,2460
86000US44302,44302,86400,8280
86000US44303,44303,146000,11066
86000US44304,44304,83400,24470
86000US44305,44305,72300,2689
86000US44306,44306,61800,2174
86000US44307,44307,58400,5212
86000US44308,44308,0,0
86000US44310,44310,68400,2986
86000US44311,44311,51200,8889
86000US44312,44312,97500,2715
86000US44313,44313,149300,5844
86000US44314,44314,62300,1823
86000US44319,44319,144000,4737
86000US44320,44320,75600,3918
86000US44321,44321,219200,15798
86000US44333,44333,235000,12376
86000US44401,44401,157100,10159
86000US44402,44402,128400,28064
86000US44403,44403,111100,7376
86000US44404,44404,110700,15848
86000US44405,44405,62000,3917
86000US44406,44406,186400,11729
86000US44408,44408,148900,8147
86000US44410,44410,133100,5939
86000US44411,44411,141200,38806
86000US44412,44412,166000,14843
86000US44413,44413,89900,6034
86000US44417,44417,130300,31937
86000US44418,44418,147700,23769
86000US44420,44420,94800,4746
86000US44423,44423,117900,27182
86000US44425,44425,98900,5353
86000US44427,44427,110000,23938
86000US44428,44428,115600,8363
86000US44429,44429,110400,11112
86000US44430,44430,77600,4327
86000US44431,44431,95100,9438
86000US44432,44432,99800,12207
86000US44436,44436,101200,9266
86000US44437,44437,91700,7843
86000US44438,44438,65800,8553
86000US44439,44439,95000,47594
86000US44440,44440,125500,7704
86000US44441,44441,119800,22342
86000US44442,44442,121400,8476
86000US44443,44443,145500,20364
86000US44444,44444,111400,8067
86000US44445,44445,112900,18853
86000US44446,44446,81400,2965
86000US44449,44449,156300,10675
86000US44450,44450,111300,13784
86000US44451,44451,155000,12048
86000US44452,44452,163000,60147
86000US44454,44454,99700,98822
86000US44455,44455,112200,38735
86000US44460,44460,120000,6090
86000US44470,44470,150200,11093
86000US44471,44471,70300,4083
86000US44473,44473,124900,8864
86000US44481,44481,117000,8778
86000US44483,44483,85700,2944
86000US44484,44484,120200,4370
86000US44485,44485,52600,3161
86000US44490,44490,74800,3441
86000US44491,44491,153800,13404
86000US44493,44493,0,0
86000US44502,44502,30400,2863
86000US44503,44503,0,0
86000US44504,44504,66200,6088
86000US44505,44505,71400,4930
86000US44506,44506,13900,2283
86000US44507,44507,22100,5660
86000US44509,44509,47200,2202
86000US44510,44510,18200,5107
86000US44511,44511,79900,2967
86000US44512,44512,114100,2581
86000US44514,44514,143400,5164
86000US44515,44515,98100,3704
86000US44601,44601,99100,5400
86000US44606,44606,169900,19309
86000US44607,44607,108600,42780
86000US44608,44608,109800,18325
86000US44609,44609,122400,10619
86000US44610,44610,0,0
86000US44611,44611,142400,28982
86000US44612,44612,151800,9035
86000US44613,44613,93200,5492
86000US44614,44614,151800,5433
86000US44615,44615,121300,7888
86000US44618,44618,161700,8046
86000US44620,44620,139400,22619
86000US44621,44621,87000,5216
86000US44622,44622,128600,7251
86000US44624,44624,188700,25591
86000US44625,44625,168400,30579
86000US44626,44626,114900,5683
86000US44627,44627,219600,22099
86000US44628,44628,120500,13449
86000US44629,44629,112000,9471
86000US44632,44632,167100,9211
86000US44633,44633,172600,38206
86000US44634,44634,147900,18405
86000US44637,44637,131400,19452
86000US44638,44638,172200,62451
86000US44640,44640,90000,25088
86000US44641,44641,142200,5657
86000US44643,44643,129500,17181
86000US44644,44644,127600,39632
86000US44645,44645,154300,14445
86000US44646,44646,130700,3415
86000US44647,44647,106500,8140
86000US44651,44651,114000,31703
86000US44652,44652,0,0
86000US44653,44653,77500,17971
86000US44654,44654,195800,13032
86000US44656,44656,97000,22132
86000US44657,44657,113300,7308
86000US44659,44659,106800,23862
86000US44661,44661,77000,19257
86000US44662,44662,122700,7990
86000US44663,44663,122200,6938
86000US44666,44666,158800,15443
86000US44667,44667,130500,5477
86000US44669,44669,127600,18320
86000US44670,44670,86800,3150
86000US44671,44671,0,0
86000US44672,44672,81300,6187
86000US44675,44675,110600,24135
86000US44676,44676,123800,11841
86000US44677,44677,135900,10638
86000US44678,44678,0,0
86000US44680,44680,146100,9204
86000US44681,44681,179100,12209
86000US44682,44682,86800,4772
86000US44683,44683,75500,6861
86000US44685,44685,173000,4092
86000US44687,44687,0,0
86000US44688,44688,99800,9200
86000US44689,44689,110000,19164
86000US44690,44690,159200,79972
86000US44691,44691,142400,3494
86000US44693,44693,72500,30697
86000US44695,44695,98700,17506
86000US44697,44697,227600,38817
86000US44699,44699,110100,24388
86000US44702,44702,0,0
86000US44703,44703,54900,7072
86000US44704,44704,59300,16118
86000US44705,44705,66700,3891
86000US44706,44706,96700,4800
86000US44707,44707,76400,5519
86000US44708,44708,118400,4755
86000US44709,44709,111400,5244
86000US44710,44710,72800,5994
86000US44714,44714,94000,6873
86000US44718,44718,223600,12645
86000US44720,44720,164100,3560
86000US44721,44721,156800,5420
86000US44730,44730,110300,4101
86000US44802,44802,122500,18183
86000US44804,44804,107300,18045
86000US44805,44805,117200,4830
86000US44807,44807,88500,9187
86000US44809,44809,102400,28068
86000US44811,44811,111700,4601
86000US44813,44813,123000,10857
86000US44814,44814,159600,12506
86000US44815,44815,80200,4531
86000US44816,44816,0,0
86000US44817,44817,113900,17460
86000US44818,44818,85700,4766
86000US44820,44820,92100,4129
86000US44822,44822,124300,12388
86000US44824,44824,145500,11254
86000US44825,44825,73500,6342
86000US44826,44826,137600,18142
86000US44827,44827,85900,3655
86000US44828,44828,0,0
86000US44830,44830,75000,4154
86000US44833,44833,84400,4315
86000US44836,44836,92900,11068
86000US44837,44837,123300,16466
86000US44838,44838,95000,7885
86000US44839,44839,177100,8376
86000US44840,44840,143500,10134
86000US44841,44841,89800,24343
86000US44842,44842,115200,8180
86000US44843,44843,150900,13786
86000US44844,44844,90000,49933
86000US44846,44846,159600,9436
86000US44847,44847,130900,13771
86000US44849,44849,97400,15614
86000US44850,44850,0,0
86000US44851,44851,107400,9763
86000US44853,44853,151700,10034
86000US44854,44854,93200,12060
86000US44855,44855,124200,14377
86000US44856,44856,78800,26225
86000US44857,44857,129900,6281
86000US44859,44859,140600,16093
86000US44861,44861,0,0
86000US44864,44864,122100,12239
86000US44865,44865,91400,7050
86000US44866,44866,146800,21090
86000US44867,44867,125700,17195
86000US44870,44870,104000,4427
86000US44874,44874,82700,5945
86000US44875,44875,105100,4644
86000US44878,44878,128100,33537
86000US44880,44880,126400,25913
86000US44881,44881,0,0
86000US44882,44882,100500,8810
86000US44883,44883,107000,4869
86000US44887,44887,85000,18794
86000US44889,44889,160700,7739
86000US44890,44890,103100,7117
86000US44901,44901,0,0
86000US44902,44902,42100,5737
86000US44903,44903,112800,6367
86000US44904,44904,142700,6710
86000US44905,44905,78700,3844
86000US44906,44906,85800,4962
86000US44907,44907,89400,5221
86000US45001,45001,45000,22700
86000US45002,45002,212400,11819
86000US45003,45003,100800,23761
86000US45005,45005,132100,3839
86000US45011,45011,174500,4681
86000US45013,45013,144600,4760
86000US45014,45014,147900,3670
86000US45015,45015,90300,3626
86000US45030,45030,145300,5090
86000US45032,45032,98400,13280
86000US45033,45033,58200,8703
86000US45034,45034,254800,30092
86000US45036,45036,195200,8179
86000US45039,45039,192100,8870
86000US45040,45040,243100,9935
86000US45041,45041,0,0
86000US45042,45042,131000,4934
86000US45044,45044,151200,6494
86000US45050,45050,160900,4099
86000US45051,45051,0,0
86000US45052,45052,230900,14211
86000US45053,45053,258400,17557
86000US45054,45054,236600,55931
86000US45056,45056,187600,9466
86000US45062,45062,102100,12988
86000US45064,45064,122000,16257
86000US45065,45065,222400,96830
86000US45066,45066,228200,7421
86000US45067,45067,134700,5574
86000US45068,45068,233200,20249
86000US45069,45069,211200,4571
86000US45070,45070,66300,28430
86000US45101,45101,91600,18651
86000US45102,45102,150700,4864
86000US45103,45103,158900,5406
86000US45106,45106,128700,8665
86000US45107,45107,131000,8691
86000US45111,45111,186700,35252
86000US45112,45112,82500,78917
86000US45113,45113,166800,11425
86000US45115,45115,0,0
86000US45118,45118,153300,15267
86000US45120,45120,111500,12894
86000US45121,45121,115800,7214
86000US45122,45122,126100,8995
86000US45123,45123,101600,10990
86000US45130,45130,109800,11739
86000US45131,45131,80500,22575
86000US45132,45132,63500,11537
86000US45133,45133,112900,6967
86000US45135,45135,119500,14253
86000US45140,45140,228300,6489
86000US45142,45142,108700,12673
86000US45144,45144,91300,24052
86000US45145,45145,0,0
86000US45146,45146,117300,17929
86000US45147,45147,79600,64435
86000US45148,45148,100700,21454
86000US45150,45150,171800,6784
86000US45152,45152,192000,7935
86000US45153,45153,133100,20604
86000US45154,45154,122600,9607
86000US45155,45155,70900,7850
86000US45156,45156,0,0
86000US45157,45157,160700,9522
86000US45158,45158,78200,27080
86000US45159,45159,109800,16951
86000US45160,45160,110400,19636
86000US45162,45162,176100,25175
86000US45164,45164,66500,4568
86000US45166,45166,0,0
86000US45167,45167,112200,19875
86000US45168,45168,88700,10639
86000US45169,45169,93900,5148
86000US45171,45171,141000,32651
86000US45172,45172,82600,10713
86000US45174,45174,507100,41620
86000US45176,45176,134800,7686
86000US45177,45177,138600,7607
86000US45202,45202,341000,16136
86000US45203,45203,165900,6237
86000US45204,45204,64800,8070
86000US45205,45205,67800,4485
86000US45206,45206,181500,13740
86000US45207,45207,78100,7759
86000US45208,45208,343300,19352
86000US45209,45209,227200,10257
86000US45211,45211,103900,4170
86000US45212,45212,125900,5965
86000US45213,45213,153900,12790
86000US45214,45214,62100,8924
86000US45215,45215,133500,8058
86000US45216,45216,77600,4389
86000US45217,45217,96500,9554
86000US45218,45218,115000,6473
86000US45219,45219,105600,10966
86000US45220,45220,251000,30866
86000US45223,45223,108500,9225
86000US45224,45224,114500,5110
86000US45225,45225,56000,8381
86000US45226,45226,263100,50358
86000US45227,45227,128300,9853
86000US45229,45229,116300,16982
86000US45230,45230,163200,5226
86000US45231,45231,103400,3579
86000US45232,45232,78600,9760
86000US45233,45233,201400,10564
86000US45236,45236,139600,3619
86000US45237,45237,98200,5919
86000US45238,45238,117800,2754
86000US45239,45239,116700,4254
86000US45240,45240,118700,3388
86000US45241,45241,204500,11372
86000US45242,45242,280800,12804
86000US45243,45243,382000,30734
86000US45244,45244,238000,10367
86000US45245,45245,162100,7704
86000US45246,45246,131100,5373
86000US45247,45247,194700,9845
86000US45248,45248,138500,4204
86000US45249,45249,327800,20075
86000US45251,45251,114300,3904
86000US45252,45252,205700,17139
86000US45255,45255,188800,6405
86000US45301,45301,0,0
86000US45302,45302,174700,16174
86000US45303,45303,94800,26091
86000US45304,45304,119800,6942
86000US45305,45305,193900,21526
86000US45306,45306,144200,14686
86000US45307,45307,81200,5858
86000US45308,45308,113000,16208
86000US45309,45309,141500,6984
86000US45310,45310,107700,11110
86000US45311,45311,122100,10293
86000US45312,45312,166900,21692
86000US45314,45314,188900,19282
86000US45315,45315,157900,12444
86000US45316,45316,104200,43182
86000US45317,45317,120600,32618
86000US45318,45318,139700,11752
86000US45319,45319,121900,22489
86000US45320,45320,116200,6374
86000US45321,45321,88900,6001
86000US45322,45322,113600,4195
86000US45323,45323,125100,6040
86000US45324,45324,116500,3393
86000US45325,45325,153200,11236
86000US45326,45326,128100,28566
86000US45327,45327,154200,9866
86000US45328,45328,75200,6731
86000US45330,45330,91800,7097
86000US45331,45331,105000,5903
86000US45332,45332,111300,9884
86000US45333,45333,144100,15895
86000US45334,45334,102800,8084
86000US45335,45335,149200,7187
86000US45336,45336,107100,26958
86000US45337,45337,160300,27108
86000US45338,45338,135900,13755
86000US45339,45339,134800,22935
86000US45340,45340,148400,18563
86000US45341,45341,82900,5009
86000US45342,45342,140000,5311
86000US45344,45344,104100,8413
86000US45345,45345,102800,14704
86000US45346,45346,88100,14766
86000US45347,45347,101300,12660
86000US45348,45348,156700,40451
86000US45349,45349,101900,8131
86000US45350,45350,85000,25865
86000US45351,45351,145500,19277
86000US45352,45352,62200,10587
86000US45353,45353,0,0
86000US45354,45354,89700,13381
86000US45356,45356,93600,4056
86000US45358,45358,91800,8514
86000US45359,45359,126800,9655
86000US45360,45360,69200,31599
86000US45361,45361,93300,19149
86000US45362,45362,143100,51399
86000US45363,45363,172900,14634
86000US45365,45365,126000,5237
86000US45368,45368,119000,11653
86000US45369,45369,153800,8306
86000US45370,45370,268400,39991
86000US45371,45371,168000,5394
86000US45372,45372,88700,8739
86000US45373,45373,144800,5482
86000US45377,45377,140400,7340
86000US45378,45378,70000,6215
86000US45380,45380,150600,8272
86000US45381,45381,128800,8043
86000US45382,45382,96500,5529
86000US45383,45383,124700,15895
86000US45384,45384,123500,30982
86000US45385,45385,128000,6029
86000US45387,45387,229600,11706
86000US45388,45388,158900,19055
86000US45389,45389,76000,4118
86000US45390,45390,76100,8466
86000US45402,45402,56200,8108
86000US45403,45403,52900,3542
86000US45404,45404,57500,6976
86000US45405,45405,61000,3848
86000US45406,45406,59800,2652
86000US45409,45409,151900,11981
86000US45410,45410,68800,2047
86000US45414,45414,106500,7689
86000US45415,45415,121200,6011
86000US45416,45416,63400,4500
86000US45417,45417,50100,2809
86000US45418,45418,113100,4321
86000US45419,45419,153100,9424
86000US45420,45420,82500,2259
86000US45424,45424,113200,3842
86000US45426,45426,80700,2950
86000US45428,45428,0,0
86000US45429,45429,141700,3084
86000US45430,45430,170600,4089
86000US45431,45431,134700,7863
86000US45432,45432,115600,6227
86000US45433,45433,0,0
86000US45434,45434,191800,7724
86000US45439,45439,83700,3673
86000US45440,45440,167200,3790
86000US45449,45449,103400,4578
86000US45458,45458,224900,7911
86000US45459,45459,191900,5104
86000US45502,45502,157600,4482
86000US45503,45503,111900,3132
86000US45504,45504,114900,5277
86000US45505,45505,70900,2413
86000US45506,45506,71200,2958
86000US45601,45601,116500,4208
86000US45612,45612,86200,7561
86000US45613,45613,113300,35155
86000US45614,45614,104700,15364
86000US45616,45616,72100,13656
86000US45617,45617,0,0
86000US45618,45618,0,0
86000US45619,45619,100700,11417
86000US45620,45620,83500,26494
86000US45621,45621,57600,19994
86000US45622,45622,0,0
86000US45623,45623,101200,13589
86000US45624,45624,0,0
86000US45628,45628,117800,9647
86000US45629,45629,85900,8889
86000US45630,45630,0,0
86000US45631,45631,109300,9364
86000US45634,45634,82100,14129
86000US45636,45636,84500,69320
86000US45638,45638,87400,3647
86000US45640,45640,98900,4510
86000US45642,45642,0,0
86000US45644,45644,144100,26720
86000US45645,45645,91300,18895
86000US45646,45646,0,0
86000US45647,45647,81100,16254
86000US45648,45648,108300,13593
86000US45650,45650,66900,22047
86000US45651,45651,90700,7688
86000US45652,45652,108600,14030
86000US45653,45653,135700,34059
86000US45654,45654,94500,16926
86000US45656,45656,93700,10895
86000US45657,45657,70000,30563
86000US45658,45658,103300,16748
86000US45659,45659,86100,10316
86000US45660,45660,105600,11356
86000US45661,45661,90600,12486
86000US45662,45662,76800,2864
86000US45663,45663,80400,6408
86000US45669,45669,139400,17680
86000US45671,45671,0,0
86000US45672,45672,104400,23891
86000US45673,45673,79000,61549
86000US45674,45674,115600,81013
86000US45678,45678,94100,20245
86000US45679,45679,110300,14510
86000US45680,45680,115300,8454
86000US45681,45681,110700,21219
86000US45682,45682,87800,7820
86000US45684,45684,109600,24811
86000US45685,45685,156500,28849
86000US45686,45686,83200,11357
86000US45688,45688,69600,48222
86000US45690,45690,113400,8628
86000US45692,45692,84000,6869
86000US45693,45693,103300,14660
86000US45694,45694,138000,13915
86000US45695,45695,59200,13296
86000US45696,45696,109800,84973
86000US45697,45697,114800,20087
86000US45698,45698,69000,34747
86000US45701,45701,160600,6040
86000US45710,45710,127600,15951
86000US45711,45711,124000,53345
86000US45714,45714,114100,14812
86000US45715,45715,99800,9443
86000US45716,45716,72000,23662
86000US45719,45719,53700,12456
86000US45721,45721,0,0
86000US45723,45723,91400,11830
86000US45724,45724,121700,37072
86000US45727,45727,48100,40450
86000US45729,45729,112900,29023
86000US45732,45732,78300,6827
86000US45734,45734,63400,39950
86000US45735,45735,113800,26586
86000US45740,45740,59200,25060
86000US45741,45741,69400,17886
86000US45742,45742,160000,17402
86000US45743,45743,114300,16836
86000US45744,45744,99900,26563
86000US45745,45745,104600,38092
86000US45746,45746,52000,15915
86000US45750,45750,123600,6632
86000US45760,45760,59100,7181
86000US45761,45761,77200,8386
86000US45764,45764,75100,5595
86000US45766,45766,150500,72206
86000US45767,45767,104400,20316
86000US45768,45768,144100,58400
86000US45769,45769,100300,12238
86000US45770,45770,54200,6953
86000US45771,45771,85500,7357
86000US45772,45772,89300,15481
86000US45773,45773,125000,121855
86000US45775,45775,117900,28575
86000US45776,45776,108700,63023
86000US45778,45778,117600,57674
86000US45779,45779,87100,7099
86000US45780,45780,113900,23841
86000US45782,45782,50000,19067
86000US45784,45784,134100,19763
86000US45786,45786,120600,14409
86000US45787,45787,0,0
86000US45788,45788,118500,70380
86000US45789,45789,0,0
86000US45801,45801,77700,4053
86000US45804,45804,59500,4634
86000US45805,45805,114800,6392
86000US45806,45806,123700,5152
86000US45807,45807,139300,6398
86000US45808,45808,68800,9882
86000US45809,45809,83300,47487
86000US45810,45810,118700,23075
86000US45812,45812,62400,13757
86000US45813,45813,100000,7744
86000US45814,45814,147100,16373
86000US45816,45816,96000,3851
86000US45817,45817,156100,9855
86000US45819,45819,82500,4901
86000US45820,45820,90700,14853
86000US45821,45821,93300,12204
86000US45822,45822,136200,7200
86000US45826,45826,173200,39406
86000US45827,45827,151800,27329
86000US45828,45828,135200,13679
86000US45830,45830,120100,8079
86000US45831,45831,111600,8463
86000US45832,45832,108900,9134
86000US45833,45833,116200,10187
86000US45835,45835,99600,25207
86000US45836,45836,95300,11556
86000US45838,45838,0,0
86000US45840,45840,138100,4925
86000US45841,45841,159300,25590
86000US45843,45843,96100,6201
86000US45844,45844,164600,8713
86000US45845,45845,190800,22201
86000US45846,45846,142500,15116
86000US45849,45849,96100,27617
86000US45850,45850,157700,9268
86000US45851,45851,114000,18498
86000US45853,45853,177600,16590
86000US45854,45854,83200,7053
86000US45855,45855,91900,20445
86000US45856,45856,121800,7823
86000US45858,45858,147100,16181
86000US45859,45859,61800,4110
86000US45860,45860,165700,16890
86000US45861,45861,73600,18359
86000US45862,45862,88200,10596
86000US45863,45863,95500,18006
86000US45864,45864,105500,14630
86000US45865,45865,168000,5214
86000US45866,45866,85000,28434
86000US45867,45867,118800,16055
86000US45868,45868,143200,50457
86000US45869,45869,169800,5583
86000US45870,45870,91700,50400
86000US45871,45871,150700,14375
86000US45872,45872,88100,6705
86000US45873,45873,82200,13327
86000US45874,45874,76600,8811
86000US45875,45875,169100,6465
86000US45876,45876,152400,17194
86000US45877,45877,134400,13794
86000US45879,45879,89300,4657
86000US45880,45880,84600,5427
86000US45881,45881,153700,88943
86000US45882,45882,106000,9291
86000US45883,45883,198500,22108
86000US45884,45884,0,0
86000US45885,45885,135600,12689
86000US45886,45886,64500,29403
86000US45887,45887,104500,10319
86000US45888,45888,83200,10184
86000US45889,45889,167400,16051
86000US45890,45890,93600,12115
86000US45891,45891,103500,6753
86000US45894,45894,89500,8207
86000US45895,45895,131100,10457
86000US45896,45896,119400,15276
86000US45897,45897,0,0
86000US45898,45898,77200,18632
86000US45899,45899,56300,6698
