,LotSizeAcres,med/housing,address/locality,education ,identifier/attomId,edusqu,median_income,address/postal1,HSper,bachper,total,2per,perc_fs,summary/yearbuilt,mastper,building/rooms/bathstotal,population,building/rooms/beds,sale/amount/saleamt
0,0.2251,201200,Medina,9,,81,76741,44256,24.3486809765689,26.251726317267853,41.8,2.309435648621042,6.650360561717202,2013,9.512885934318017,3.0,62656.0,3,205000
1,0.78,201200,Medina,9,,81,76741,44256,24.3486809765689,26.251726317267853,41.8,2.309435648621042,6.650360561717202,1860,9.512885934318017,1.0,62656.0,2,119000
2,0.1417,201200,Medina,9,,81,76741,44256,24.3486809765689,26.251726317267853,41.8,2.309435648621042,6.650360561717202,1955,9.512885934318017,1.0,62656.0,3,112000
5,0.31,201200,Medina,9,,81,76741,44256,24.3486809765689,26.251726317267853,41.8,2.309435648621042,6.650360561717202,1994,9.512885934318017,3.0,62656.0,3,222500
6,0.2397,201200,Medina,9,,81,76741,44256,24.3486809765689,26.251726317267853,41.8,2.309435648621042,6.650360561717202,1956,9.512885934318017,1.0,62656.0,3,125900
7,0.16,201200,Medina,9,,81,76741,44256,24.3486809765689,26.251726317267853,41.8,2.309435648621042,6.650360561717202,1996,9.512885934318017,1.0,62656.0,3,162500
8,0.3753,201200,Medina,9,,81,76741,44256,24.3486809765689,26.251726317267853,41.8,2.309435648621042,6.650360561717202,1984,9.512885934318017,2.0,62656.0,3,174000
12,0.2984,201200,Medina,9,,81,76741,44256,24.3486809765689,26.251726317267853,41.8,2.309435648621042,6.650360561717202,1920,9.512885934318017,1.0,62656.0,3,127500
13,0.71,201200,Medina,9,,81,76741,44256,24.3486809765689,26.251726317267853,41.8,2.309435648621042,6.650360561717202,1998,9.512885934318017,4.0,62656.0,3,445000
15,0.5845,201200,Medina,9,,81,76741,44256,24.3486809765689,26.251726317267853,41.8,2.309435648621042,6.650360561717202,1956,9.512885934318017,2.0,62656.0,3,180000
16,0.5484,201200,Medina,9,,81,76741,44256,24.3486809765689,26.251726317267853,41.8,2.309435648621042,6.650360561717202,2017,9.512885934318017,3.0,62656.0,3,424900
19,0.1607,201200,Medina,9,,81,76741,44256,24.3486809765689,26.251726317267853,41.8,2.309435648621042,6.650360561717202,1975,9.512885934318017,1.0,62656.0,3,126000
22,0.37,201200,Medina,9,,81,76741,44256,24.3486809765689,26.251726317267853,41.8,2.309435648621042,6.650360561717202,2017,9.512885934318017,4.0,62656.0,4,468100
23,0.1894,201200,Medina,9,,81,76741,44256,24.3486809765689,26.251726317267853,41.8,2.309435648621042,6.650360561717202,1922,9.512885934318017,1.0,62656.0,3,124000
24,0.27399999999999997,201200,Medina,9,,81,76741,44256,24.3486809765689,26.251726317267853,41.8,2.309435648621042,6.650360561717202,1975,9.512885934318017,2.0,62656.0,3,156000
35,0.1846,238700,Peninsula,10,,100,87639,44264,15.138282387190685,30.033964095099464,42.8,4.863945578231292,8.54853072128228,2007,8.976225133430374,3.0,2940.0,3,300000
44,0.4591,130700,Massillon,9,,81,52252,44646,32.67354421726431,16.978435150083897,43.1,6.392211044428134,13.12241214566302,1976,6.0903610714063765,3.0,46322.0,3,152700
54,0.3444,130700,Massillon,9,,81,52252,44646,32.67354421726431,16.978435150083897,43.1,6.392211044428134,13.12241214566302,1987,6.0903610714063765,3.0,46322.0,4,204900
61,0.4132,130700,Massillon,9,,81,52252,44646,32.67354421726431,16.978435150083897,43.1,6.392211044428134,13.12241214566302,1998,6.0903610714063765,4.0,46322.0,4,150800
63,0.3343,130700,Massillon,9,,81,52252,44646,32.67354421726431,16.978435150083897,43.1,6.392211044428134,13.12241214566302,2014,6.0903610714063765,3.0,46322.0,4,460000
67,0.4775,130700,Massillon,9,,81,52252,44646,32.67354421726431,16.978435150083897,43.1,6.392211044428134,13.12241214566302,1975,6.0903610714063765,3.0,46322.0,3,183000
75,0.314,169000,Brunswick,8,,64,69434,44212,31.471717763457658,18.258152704549893,40.1,1.484175570967086,7.366928575648372,2016,6.701165137017509,3.0,44267.0,4,344900
78,0.6043,169000,Brunswick,8,,64,69434,44212,31.471717763457658,18.258152704549893,40.1,1.484175570967086,7.366928575648372,1956,6.701165137017509,1.0,44267.0,2,86000
79,0.2951,169000,Brunswick,8,,64,69434,44212,31.471717763457658,18.258152704549893,40.1,1.484175570967086,7.366928575648372,1992,6.701165137017509,3.0,44267.0,4,260000
80,0.2927,169000,Brunswick,8,,64,69434,44212,31.471717763457658,18.258152704549893,40.1,1.484175570967086,7.366928575648372,1970,6.701165137017509,3.0,44267.0,4,208000
81,0.5015,169000,Brunswick,8,,64,69434,44212,31.471717763457658,18.258152704549893,40.1,1.484175570967086,7.366928575648372,1958,6.701165137017509,1.0,44267.0,3,63000
82,0.33,169000,Brunswick,8,,64,69434,44212,31.471717763457658,18.258152704549893,40.1,1.484175570967086,7.366928575648372,1999,6.701165137017509,2.0,44267.0,2,233000
83,0.2755,169000,Brunswick,8,,64,69434,44212,31.471717763457658,18.258152704549893,40.1,1.484175570967086,7.366928575648372,1974,6.701165137017509,2.0,44267.0,4,167000
84,0.58,157700,Rootstown,7,,49,61577,44272,38.27937649880096,15.167865707434053,39.3,1.63372327551432,8.12664907651715,1973,5.845323741007194,2.0,4958.0,4,169900
86,0.2451,157700,Rootstown,7,,49,61577,44272,38.27937649880096,15.167865707434053,39.3,1.63372327551432,8.12664907651715,1967,5.845323741007194,2.0,4958.0,2,100000
88,0.31,157700,Rootstown,7,,49,61577,44272,38.27937649880096,15.167865707434053,39.3,1.63372327551432,8.12664907651715,2002,5.845323741007194,3.0,4958.0,4,206500
92,0.5739,104800,Norton,8,,64,47797,44203,37.81332965555288,12.777988483949937,41.9,5.6418762348464515,16.215561610656977,1932,3.8133986139364895,1.0,40997.0,2,142000
93,0.1377,104800,Barberton,8,,64,47797,44203,37.81332965555288,12.777988483949937,41.9,5.6418762348464515,16.215561610656977,1918,3.8133986139364895,1.0,40997.0,2,79900
94,0.0803,104800,Barberton,8,,64,47797,44203,37.81332965555288,12.777988483949937,41.9,5.6418762348464515,16.215561610656977,1889,3.8133986139364895,2.0,40997.0,3,72000
95,0.66,104800,Norton,8,,64,47797,44203,37.81332965555288,12.777988483949937,41.9,5.6418762348464515,16.215561610656977,1953,3.8133986139364895,1.0,40997.0,2,150500
96,0.1971,104800,Barberton,8,,64,47797,44203,37.81332965555288,12.777988483949937,41.9,5.6418762348464515,16.215561610656977,1943,3.8133986139364895,2.0,40997.0,3,114000
97,0.2792,104800,Norton,8,,64,47797,44203,37.81332965555288,12.777988483949937,41.9,5.6418762348464515,16.215561610656977,1972,3.8133986139364895,3.0,40997.0,4,179900
98,0.124,104800,Barberton,8,,64,47797,44203,37.81332965555288,12.777988483949937,41.9,5.6418762348464515,16.215561610656977,1948,3.8133986139364895,1.0,40997.0,2,125000
100,0.1377,104800,Barberton,8,,64,47797,44203,37.81332965555288,12.777988483949937,41.9,5.6418762348464515,16.215561610656977,1918,3.8133986139364895,1.0,40997.0,2,41898
101,0.2913,104800,Norton,8,,64,47797,44203,37.81332965555288,12.777988483949937,41.9,5.6418762348464515,16.215561610656977,1968,3.8133986139364895,2.0,40997.0,4,171500
102,0.4591,104800,Barberton,8,,64,47797,44203,37.81332965555288,12.777988483949937,41.9,5.6418762348464515,16.215561610656977,1991,3.8133986139364895,3.0,40997.0,3,237000
103,0.2755,104800,Barberton,8,,64,47797,44203,37.81332965555288,12.777988483949937,41.9,5.6418762348464515,16.215561610656977,1955,3.8133986139364895,1.0,40997.0,3,121500
104,0.7277,104800,Norton,8,,64,47797,44203,37.81332965555288,12.777988483949937,41.9,5.6418762348464515,16.215561610656977,1963,3.8133986139364895,2.0,40997.0,3,78750
107,0.3271,104800,Barberton,8,,64,47797,44203,37.81332965555288,12.777988483949937,41.9,5.6418762348464515,16.215561610656977,1999,3.8133986139364895,3.0,40997.0,3,100000
108,0.1102,104800,Barberton,8,,64,47797,44203,37.81332965555288,12.777988483949937,41.9,5.6418762348464515,16.215561610656977,1921,3.8133986139364895,1.0,40997.0,4,77100
109,0.4362,104800,Norton,8,,64,47797,44203,37.81332965555288,12.777988483949937,41.9,5.6418762348464515,16.215561610656977,1961,3.8133986139364895,2.0,40997.0,3,52000
110,0.2005,104800,Barberton,8,,64,47797,44203,37.81332965555288,12.777988483949937,41.9,5.6418762348464515,16.215561610656977,1939,3.8133986139364895,1.0,40997.0,2,89000
111,0.1377,104800,Barberton,8,,64,47797,44203,37.81332965555288,12.777988483949937,41.9,5.6418762348464515,16.215561610656977,1930,3.8133986139364895,2.0,40997.0,3,70500
112,0.1093,104800,Barberton,8,,64,47797,44203,37.81332965555288,12.777988483949937,41.9,5.6418762348464515,16.215561610656977,2004,3.8133986139364895,2.0,40997.0,3,145000
113,0.6653,104800,Norton,8,,64,47797,44203,37.81332965555288,12.777988483949937,41.9,5.6418762348464515,16.215561610656977,1954,3.8133986139364895,1.0,40997.0,3,50000
115,0.3264,104800,Barberton,8,,64,47797,44203,37.81332965555288,12.777988483949937,41.9,5.6418762348464515,16.215561610656977,1909,3.8133986139364895,1.0,40997.0,2,54000
116,0.1607,104800,Barberton,8,,64,47797,44203,37.81332965555288,12.777988483949937,41.9,5.6418762348464515,16.215561610656977,1939,3.8133986139364895,1.0,40997.0,4,42100
117,0.0692,104800,Barberton,8,,64,47797,44203,37.81332965555288,12.777988483949937,41.9,5.6418762348464515,16.215561610656977,1920,3.8133986139364895,1.0,40997.0,3,66000
118,0.1377,104800,Barberton,8,,64,47797,44203,37.81332965555288,12.777988483949937,41.9,5.6418762348464515,16.215561610656977,1933,3.8133986139364895,2.0,40997.0,3,122900
119,0.8192,104800,Barberton,8,,64,47797,44203,37.81332965555288,12.777988483949937,41.9,5.6418762348464515,16.215561610656977,1948,3.8133986139364895,2.0,40997.0,5,50000
120,0.1157,104800,Barberton,8,,64,47797,44203,37.81332965555288,12.777988483949937,41.9,5.6418762348464515,16.215561610656977,1928,3.8133986139364895,1.0,40997.0,3,73755
121,0.124,104800,Barberton,8,,64,47797,44203,37.81332965555288,12.777988483949937,41.9,5.6418762348464515,16.215561610656977,1927,3.8133986139364895,1.0,40997.0,3,109900
122,0.124,104800,Norton,8,,64,47797,44203,37.81332965555288,12.777988483949937,41.9,5.6418762348464515,16.215561610656977,1957,3.8133986139364895,1.0,40997.0,2,46100
123,0.0964,104800,Barberton,8,,64,47797,44203,37.81332965555288,12.777988483949937,41.9,5.6418762348464515,16.215561610656977,1901,3.8133986139364895,2.0,40997.0,3,67000
124,0.1157,104800,Barberton,8,,64,47797,44203,37.81332965555288,12.777988483949937,41.9,5.6418762348464515,16.215561610656977,2004,3.8133986139364895,3.0,40997.0,3,110000
125,0.168,104800,Barberton,8,,64,47797,44203,37.81332965555288,12.777988483949937,41.9,5.6418762348464515,16.215561610656977,1917,3.8133986139364895,1.0,40997.0,2,25000
126,0.929,104800,Barberton,8,,64,47797,44203,37.81332965555288,12.777988483949937,41.9,5.6418762348464515,16.215561610656977,1938,3.8133986139364895,1.0,40997.0,3,61900
127,0.1192,104800,Barberton,8,,64,47797,44203,37.81332965555288,12.777988483949937,41.9,5.6418762348464515,16.215561610656977,2000,3.8133986139364895,1.0,40997.0,3,62000
128,0.6123,104800,Norton,8,,64,47797,44203,37.81332965555288,12.777988483949937,41.9,5.6418762348464515,16.215561610656977,1957,3.8133986139364895,3.0,40997.0,3,231800
129,0.1212,104800,Barberton,8,,64,47797,44203,37.81332965555288,12.777988483949937,41.9,5.6418762348464515,16.215561610656977,1926,3.8133986139364895,2.0,40997.0,3,25000
130,0.7151,160600,Tallmadge,8,,64,63915,44278,30.350225314254093,21.424618546920705,45.5,5.336167356527575,11.296426068675542,1943,7.573721242785991,1.0,17878.0,3,75000
132,0.2824,160600,Tallmadge,8,,64,63915,44278,30.350225314254093,21.424618546920705,45.5,5.336167356527575,11.296426068675542,1965,7.573721242785991,3.0,17878.0,4,179900
134,0.1804,160600,Tallmadge,8,,64,63915,44278,30.350225314254093,21.424618546920705,45.5,5.336167356527575,11.296426068675542,1949,7.573721242785991,1.0,17878.0,2,30500
135,0.3444,160600,Tallmadge,8,,64,63915,44278,30.350225314254093,21.424618546920705,45.5,5.336167356527575,11.296426068675542,1972,7.573721242785991,2.0,17878.0,4,193000
136,0.4224,160600,Tallmadge,8,,64,63915,44278,30.350225314254093,21.424618546920705,45.5,5.336167356527575,11.296426068675542,1959,7.573721242785991,1.0,17878.0,2,129900
137,0.2261,160600,Tallmadge,8,,64,63915,44278,30.350225314254093,21.424618546920705,45.5,5.336167356527575,11.296426068675542,2017,7.573721242785991,2.0,17878.0,3,239900
138,0.1623,160600,Tallmadge,8,,64,63915,44278,30.350225314254093,21.424618546920705,45.5,5.336167356527575,11.296426068675542,2017,7.573721242785991,3.0,17878.0,3,228000
139,0.5755,160600,Tallmadge,8,,64,63915,44278,30.350225314254093,21.424618546920705,45.5,5.336167356527575,11.296426068675542,1981,7.573721242785991,3.0,17878.0,4,223500
140,0.4362,160600,Tallmadge,8,,64,63915,44278,30.350225314254093,21.424618546920705,45.5,5.336167356527575,11.296426068675542,1962,7.573721242785991,2.0,17878.0,4,134500
141,0.4694,160600,Tallmadge,8,,64,63915,44278,30.350225314254093,21.424618546920705,45.5,5.336167356527575,11.296426068675542,1995,7.573721242785991,3.0,17878.0,3,187375
142,0.8526,160600,Tallmadge,8,,64,63915,44278,30.350225314254093,21.424618546920705,45.5,5.336167356527575,11.296426068675542,1940,7.573721242785991,2.0,17878.0,4,125000
143,0.6411,160600,Tallmadge,8,,64,63915,44278,30.350225314254093,21.424618546920705,45.5,5.336167356527575,11.296426068675542,1956,7.573721242785991,1.0,17878.0,3,159900
144,0.1822,160600,Tallmadge,8,,64,63915,44278,30.350225314254093,21.424618546920705,45.5,5.336167356527575,11.296426068675542,2017,7.573721242785991,2.0,17878.0,2,60000
145,0.4591,160600,Tallmadge,8,,64,63915,44278,30.350225314254093,21.424618546920705,45.5,5.336167356527575,11.296426068675542,1972,7.573721242785991,2.0,17878.0,3,165000
146,0.395,160600,Tallmadge,8,,64,63915,44278,30.350225314254093,21.424618546920705,45.5,5.336167356527575,11.296426068675542,1993,7.573721242785991,3.0,17878.0,4,198500
147,0.138,160600,Tallmadge,8,,64,63915,44278,30.350225314254093,21.424618546920705,45.5,5.336167356527575,11.296426068675542,2004,7.573721242785991,2.0,17878.0,2,45880
148,0.932,160600,Tallmadge,8,,64,63915,44278,30.350225314254093,21.424618546920705,45.5,5.336167356527575,11.296426068675542,1960,7.573721242785991,2.0,17878.0,2,151500
160,0.1642,72300,Akron,4,,16,36992,44305,34.86184210526316,10.381578947368421,37.0,19.6183476489861,25.78191039729501,1949,2.7763157894736845,1.0,22586.0,3,65900
161,0.1573,72300,Akron,4,,16,36992,44305,34.86184210526316,10.381578947368421,37.0,19.6183476489861,25.78191039729501,1928,2.7763157894736845,1.0,22586.0,4,46000
162,0.245,72300,Akron,4,,16,36992,44305,34.86184210526316,10.381578947368421,37.0,19.6183476489861,25.78191039729501,1919,2.7763157894736845,2.0,22586.0,5,7000
163,0.2583,72300,Akron,4,,16,36992,44305,34.86184210526316,10.381578947368421,37.0,19.6183476489861,25.78191039729501,1942,2.7763157894736845,1.0,22586.0,3,69000
164,0.183,72300,Akron,4,,16,36992,44305,34.86184210526316,10.381578947368421,37.0,19.6183476489861,25.78191039729501,1919,2.7763157894736845,2.0,22586.0,2,79900
165,0.2167,72300,Akron,4,,16,36992,44305,34.86184210526316,10.381578947368421,37.0,19.6183476489861,25.78191039729501,1979,2.7763157894736845,2.0,22586.0,3,113000
166,0.1871,72300,Akron,4,,16,36992,44305,34.86184210526316,10.381578947368421,37.0,19.6183476489861,25.78191039729501,1919,2.7763157894736845,2.0,22586.0,2,68000
167,0.1715,72300,Akron,4,,16,36992,44305,34.86184210526316,10.381578947368421,37.0,19.6183476489861,25.78191039729501,1959,2.7763157894736845,1.0,22586.0,3,70400
168,0.0964,72300,Akron,4,,16,36992,44305,34.86184210526316,10.381578947368421,37.0,19.6183476489861,25.78191039729501,1916,2.7763157894736845,1.0,22586.0,3,9000
169,0.1598,72300,Akron,4,,16,36992,44305,34.86184210526316,10.381578947368421,37.0,19.6183476489861,25.78191039729501,1925,2.7763157894736845,1.0,22586.0,2,78000
170,0.0735,72300,Akron,4,,16,36992,44305,34.86184210526316,10.381578947368421,37.0,19.6183476489861,25.78191039729501,1929,2.7763157894736845,1.0,22586.0,3,18500
171,0.1212,72300,Akron,4,,16,36992,44305,34.86184210526316,10.381578947368421,37.0,19.6183476489861,25.78191039729501,1955,2.7763157894736845,1.0,22586.0,3,50000
173,0.5014,72300,Akron,4,,16,36992,44305,34.86184210526316,10.381578947368421,37.0,19.6183476489861,25.78191039729501,1984,2.7763157894736845,2.0,22586.0,2,73000
174,0.42700000000000005,72300,Akron,4,,16,36992,44305,34.86184210526316,10.381578947368421,37.0,19.6183476489861,25.78191039729501,2000,2.7763157894736845,3.0,22586.0,3,186500
175,0.1212,72300,Akron,4,,16,36992,44305,34.86184210526316,10.381578947368421,37.0,19.6183476489861,25.78191039729501,1924,2.7763157894736845,1.0,22586.0,2,71000
176,0.0826,72300,Akron,4,,16,36992,44305,34.86184210526316,10.381578947368421,37.0,19.6183476489861,25.78191039729501,1920,2.7763157894736845,1.0,22586.0,5,12500
177,0.1791,72300,Akron,4,,16,36992,44305,34.86184210526316,10.381578947368421,37.0,19.6183476489861,25.78191039729501,1967,2.7763157894736845,2.0,22586.0,3,124900
178,0.1056,72300,Akron,4,,16,36992,44305,34.86184210526316,10.381578947368421,37.0,19.6183476489861,25.78191039729501,1918,2.7763157894736845,1.0,22586.0,3,38000
179,0.3114,72300,Akron,4,,16,36992,44305,34.86184210526316,10.381578947368421,37.0,19.6183476489861,25.78191039729501,1952,2.7763157894736845,1.0,22586.0,2,54900
180,0.1074,72300,Akron,4,,16,36992,44305,34.86184210526316,10.381578947368421,37.0,19.6183476489861,25.78191039729501,1929,2.7763157894736845,1.0,22586.0,3,64900
181,0.1515,72300,Akron,4,,16,36992,44305,34.86184210526316,10.381578947368421,37.0,19.6183476489861,25.78191039729501,1947,2.7763157894736845,1.0,22586.0,2,50000
182,0.2755,72300,Akron,4,,16,36992,44305,34.86184210526316,10.381578947368421,37.0,19.6183476489861,25.78191039729501,1996,2.7763157894736845,2.0,22586.0,3,75000
183,0.146,72300,Akron,4,,16,36992,44305,34.86184210526316,10.381578947368421,37.0,19.6183476489861,25.78191039729501,1920,2.7763157894736845,1.0,22586.0,3,70100
184,0.1263,72300,Akron,4,,16,36992,44305,34.86184210526316,10.381578947368421,37.0,19.6183476489861,25.78191039729501,1941,2.7763157894736845,1.0,22586.0,2,15000
185,0.1423,72300,Akron,4,,16,36992,44305,34.86184210526316,10.381578947368421,37.0,19.6183476489861,25.78191039729501,1920,2.7763157894736845,1.0,22586.0,3,18000
186,0.1694,72300,Akron,4,,16,36992,44305,34.86184210526316,10.381578947368421,37.0,19.6183476489861,25.78191039729501,1952,2.7763157894736845,1.0,22586.0,2,45500
187,0.1148,72300,Akron,4,,16,36992,44305,34.86184210526316,10.381578947368421,37.0,19.6183476489861,25.78191039729501,1943,2.7763157894736845,1.0,22586.0,2,61500
188,0.1377,72300,Akron,4,,16,36992,44305,34.86184210526316,10.381578947368421,37.0,19.6183476489861,25.78191039729501,1956,2.7763157894736845,1.0,22586.0,3,115000
189,0.1033,72300,Akron,4,,16,36992,44305,34.86184210526316,10.381578947368421,37.0,19.6183476489861,25.78191039729501,1926,2.7763157894736845,1.0,22586.0,2,22000
190,0.1635,72300,Akron,4,,16,36992,44305,34.86184210526316,10.381578947368421,37.0,19.6183476489861,25.78191039729501,1914,2.7763157894736845,1.0,22586.0,3,42250
191,0.1149,61800,Akron,4,,16,28809,44306,34.07846715328467,6.356447688564478,33.3,42.23449969306323,40.63407010493414,1917,2.2125912408759123,2.0,21177.0,4,37500
192,0.1126,61800,Akron,4,,16,28809,44306,34.07846715328467,6.356447688564478,33.3,42.23449969306323,40.63407010493414,1944,2.2125912408759123,1.0,21177.0,2,60000
193,0.0891,61800,Akron,4,,16,28809,44306,34.07846715328467,6.356447688564478,33.3,42.23449969306323,40.63407010493414,1924,2.2125912408759123,1.0,21177.0,2,12000
194,0.0918,61800,Akron,4,,16,28809,44306,34.07846715328467,6.356447688564478,33.3,42.23449969306323,40.63407010493414,1925,2.2125912408759123,1.0,21177.0,2,10000
195,0.1212,61800,Akron,4,,16,28809,44306,34.07846715328467,6.356447688564478,33.3,42.23449969306323,40.63407010493414,1927,2.2125912408759123,1.0,21177.0,3,27000
196,0.0514,61800,Akron,4,,16,28809,44306,34.07846715328467,6.356447688564478,33.3,42.23449969306323,40.63407010493414,1917,2.2125912408759123,1.0,21177.0,2,30750
197,0.0964,61800,Akron,4,,16,28809,44306,34.07846715328467,6.356447688564478,33.3,42.23449969306323,40.63407010493414,1913,2.2125912408759123,1.0,21177.0,4,13500
198,0.9506,61800,Akron,4,,16,28809,44306,34.07846715328467,6.356447688564478,33.3,42.23449969306323,40.63407010493414,2000,2.2125912408759123,2.0,21177.0,3,127500
199,0.0955,61800,Akron,4,,16,28809,44306,34.07846715328467,6.356447688564478,33.3,42.23449969306323,40.63407010493414,1928,2.2125912408759123,1.0,21177.0,2,18900
200,0.932,61800,Akron,4,,16,28809,44306,34.07846715328467,6.356447688564478,33.3,42.23449969306323,40.63407010493414,1950,2.2125912408759123,1.0,21177.0,3,132000
201,0.1281,61800,Akron,4,,16,28809,44306,34.07846715328467,6.356447688564478,33.3,42.23449969306323,40.63407010493414,1957,2.2125912408759123,1.0,21177.0,2,55000
202,0.0937,61800,Akron,4,,16,28809,44306,34.07846715328467,6.356447688564478,33.3,42.23449969306323,40.63407010493414,1914,2.2125912408759123,1.0,21177.0,3,22600
203,0.1084,61800,Akron,4,,16,28809,44306,34.07846715328467,6.356447688564478,33.3,42.23449969306323,40.63407010493414,1927,2.2125912408759123,1.0,21177.0,2,41500
204,0.1028,61800,Akron,4,,16,28809,44306,34.07846715328467,6.356447688564478,33.3,42.23449969306323,40.63407010493414,1951,2.2125912408759123,1.0,21177.0,4,88960
205,0.48,61800,Akron,4,,16,28809,44306,34.07846715328467,6.356447688564478,33.3,42.23449969306323,40.63407010493414,1953,2.2125912408759123,1.0,21177.0,1,57000
206,0.1313,61800,Akron,4,,16,28809,44306,34.07846715328467,6.356447688564478,33.3,42.23449969306323,40.63407010493414,1942,2.2125912408759123,2.0,21177.0,3,75000
207,0.0854,61800,Akron,4,,16,28809,44306,34.07846715328467,6.356447688564478,33.3,42.23449969306323,40.63407010493414,1925,2.2125912408759123,1.0,21177.0,3,47920
208,0.1171,61800,Akron,4,,16,28809,44306,34.07846715328467,6.356447688564478,33.3,42.23449969306323,40.63407010493414,1943,2.2125912408759123,1.0,21177.0,2,33000
209,0.124,61800,Akron,4,,16,28809,44306,34.07846715328467,6.356447688564478,33.3,42.23449969306323,40.63407010493414,1942,2.2125912408759123,2.0,21177.0,3,80500
210,0.8375,61800,Akron,4,,16,28809,44306,34.07846715328467,6.356447688564478,33.3,42.23449969306323,40.63407010493414,1931,2.2125912408759123,2.0,21177.0,4,127500
211,0.0918,61800,Akron,4,,16,28809,44306,34.07846715328467,6.356447688564478,33.3,42.23449969306323,40.63407010493414,1920,2.2125912408759123,1.0,21177.0,4,33500
212,0.1084,61800,Akron,4,,16,28809,44306,34.07846715328467,6.356447688564478,33.3,42.23449969306323,40.63407010493414,2005,2.2125912408759123,2.0,21177.0,3,15000
213,0.0689,61800,Akron,4,,16,28809,44306,34.07846715328467,6.356447688564478,33.3,42.23449969306323,40.63407010493414,1914,2.2125912408759123,1.0,21177.0,3,23860
214,0.1435,61800,Akron,4,,16,28809,44306,34.07846715328467,6.356447688564478,33.3,42.23449969306323,40.63407010493414,1918,2.2125912408759123,1.0,21177.0,2,21000
215,0.1591,61800,Akron,4,,16,28809,44306,34.07846715328467,6.356447688564478,33.3,42.23449969306323,40.63407010493414,1956,2.2125912408759123,2.0,21177.0,2,62000
216,0.1148,61800,Akron,4,,16,28809,44306,34.07846715328467,6.356447688564478,33.3,42.23449969306323,40.63407010493414,1943,2.2125912408759123,1.0,21177.0,3,35000
217,0.2482,68400,Akron,4,,16,34277,44310,32.98447383553766,9.994249568717654,36.8,21.277880666720346,32.72856274072573,1949,3.076480736055204,1.0,24838.0,3,48000
218,0.1086,68400,Akron,4,,16,34277,44310,32.98447383553766,9.994249568717654,36.8,21.277880666720346,32.72856274072573,1954,3.076480736055204,1.0,24838.0,3,105000
219,0.1185,68400,Akron,4,,16,34277,44310,32.98447383553766,9.994249568717654,36.8,21.277880666720346,32.72856274072573,1952,3.076480736055204,1.0,24838.0,3,100000
220,0.1699,68400,Akron,4,,16,34277,44310,32.98447383553766,9.994249568717654,36.8,21.277880666720346,32.72856274072573,1962,3.076480736055204,2.0,24838.0,3,100100
221,0.1435,68400,Akron,4,,16,34277,44310,32.98447383553766,9.994249568717654,36.8,21.277880666720346,32.72856274072573,1904,3.076480736055204,1.0,24838.0,3,135000
222,0.1102,68400,Akron,4,,16,34277,44310,32.98447383553766,9.994249568717654,36.8,21.277880666720346,32.72856274072573,1922,3.076480736055204,1.0,24838.0,2,17000
223,0.10099999999999999,68400,Akron,4,,16,34277,44310,32.98447383553766,9.994249568717654,36.8,21.277880666720346,32.72856274072573,1928,3.076480736055204,1.0,24838.0,2,52500
224,0.1102,68400,Akron,4,,16,34277,44310,32.98447383553766,9.994249568717654,36.8,21.277880666720346,32.72856274072573,1919,3.076480736055204,1.0,24838.0,2,52000
225,0.1917,68400,Akron,4,,16,34277,44310,32.98447383553766,9.994249568717654,36.8,21.277880666720346,32.72856274072573,1908,3.076480736055204,2.0,24838.0,3,42000
226,0.0839,68400,Akron,4,,16,34277,44310,32.98447383553766,9.994249568717654,36.8,21.277880666720346,32.72856274072573,1927,3.076480736055204,1.0,24838.0,3,40000
227,0.2293,68400,Akron,4,,16,34277,44310,32.98447383553766,9.994249568717654,36.8,21.277880666720346,32.72856274072573,1947,3.076480736055204,1.0,24838.0,3,47500
228,0.1263,68400,Akron,4,,16,34277,44310,32.98447383553766,9.994249568717654,36.8,21.277880666720346,32.72856274072573,1924,3.076480736055204,1.0,24838.0,4,83000
229,0.124,68400,Akron,4,,16,34277,44310,32.98447383553766,9.994249568717654,36.8,21.277880666720346,32.72856274072573,1965,3.076480736055204,2.0,24838.0,2,86000
230,0.1056,68400,Akron,4,,16,34277,44310,32.98447383553766,9.994249568717654,36.8,21.277880666720346,32.72856274072573,1955,3.076480736055204,2.0,24838.0,2,14000
231,0.10099999999999999,68400,Akron,4,,16,34277,44310,32.98447383553766,9.994249568717654,36.8,21.277880666720346,32.72856274072573,1928,3.076480736055204,2.0,24838.0,3,113000
232,0.1271,68400,Akron,4,,16,34277,44310,32.98447383553766,9.994249568717654,36.8,21.277880666720346,32.72856274072573,1918,3.076480736055204,1.0,24838.0,3,26500
233,0.1377,68400,Akron,4,,16,34277,44310,32.98447383553766,9.994249568717654,36.8,21.277880666720346,32.72856274072573,1909,3.076480736055204,1.0,24838.0,3,48000
234,0.1722,68400,Akron,4,,16,34277,44310,32.98447383553766,9.994249568717654,36.8,21.277880666720346,32.72856274072573,1954,3.076480736055204,1.0,24838.0,3,76000
235,0.1539,68400,Akron,4,,16,34277,44310,32.98447383553766,9.994249568717654,36.8,21.277880666720346,32.72856274072573,1919,3.076480736055204,2.0,24838.0,3,49500
236,0.1327,68400,Akron,4,,16,34277,44310,32.98447383553766,9.994249568717654,36.8,21.277880666720346,32.72856274072573,1918,3.076480736055204,2.0,24838.0,4,59000
237,0.2066,68400,Akron,4,,16,34277,44310,32.98447383553766,9.994249568717654,36.8,21.277880666720346,32.72856274072573,1920,3.076480736055204,3.0,24838.0,5,20000
238,0.132,68400,Akron,4,,16,34277,44310,32.98447383553766,9.994249568717654,36.8,21.277880666720346,32.72856274072573,1959,3.076480736055204,1.0,24838.0,3,97000
239,0.0735,68400,Akron,4,,16,34277,44310,32.98447383553766,9.994249568717654,36.8,21.277880666720346,32.72856274072573,1918,3.076480736055204,1.0,24838.0,2,37950
240,0.1915,68400,Akron,4,,16,34277,44310,32.98447383553766,9.994249568717654,36.8,21.277880666720346,32.72856274072573,1999,3.076480736055204,3.0,24838.0,3,149000
241,0.1297,68400,Akron,4,,16,34277,44310,32.98447383553766,9.994249568717654,36.8,21.277880666720346,32.72856274072573,1924,3.076480736055204,2.0,24838.0,2,17000
242,0.1364,68400,Akron,4,,16,34277,44310,32.98447383553766,9.994249568717654,36.8,21.277880666720346,32.72856274072573,1913,3.076480736055204,3.0,24838.0,3,48000
243,0.10099999999999999,68400,Akron,4,,16,34277,44310,32.98447383553766,9.994249568717654,36.8,21.277880666720346,32.72856274072573,1943,3.076480736055204,2.0,24838.0,4,78000
244,0.1722,68400,Akron,4,,16,34277,44310,32.98447383553766,9.994249568717654,36.8,21.277880666720346,32.72856274072573,1952,3.076480736055204,1.0,24838.0,4,54000
245,0.1837,68400,Akron,4,,16,34277,44310,32.98447383553766,9.994249568717654,36.8,21.277880666720346,32.72856274072573,1961,3.076480736055204,2.0,24838.0,3,22726
266,0.3214,97500,Akron,5,,25,47393,44312,36.30955063776085,11.984495425249019,43.2,2.4843920962862844,13.484757017808633,1950,3.5967007707215934,1.0,31074.0,2,84000
267,0.1111,97500,Akron,5,,25,47393,44312,36.30955063776085,11.984495425249019,43.2,2.4843920962862844,13.484757017808633,1999,3.5967007707215934,2.0,31074.0,3,112500
268,0.1194,97500,Akron,5,,25,47393,44312,36.30955063776085,11.984495425249019,43.2,2.4843920962862844,13.484757017808633,1962,3.5967007707215934,1.0,31074.0,3,130000
269,0.1102,97500,Akron,5,,25,47393,44312,36.30955063776085,11.984495425249019,43.2,2.4843920962862844,13.484757017808633,1971,3.5967007707215934,1.0,31074.0,3,48000
270,0.0961,97500,Akron,5,,25,47393,44312,36.30955063776085,11.984495425249019,43.2,2.4843920962862844,13.484757017808633,1926,3.5967007707215934,2.0,31074.0,3,125000
271,0.1653,97500,Akron,5,,25,47393,44312,36.30955063776085,11.984495425249019,43.2,2.4843920962862844,13.484757017808633,1998,3.5967007707215934,2.0,31074.0,4,66000
272,0.6315,97500,Akron,5,,25,47393,44312,36.30955063776085,11.984495425249019,43.2,2.4843920962862844,13.484757017808633,1954,3.5967007707215934,1.0,31074.0,3,81000
274,0.075,97500,Akron,5,,25,47393,44312,36.30955063776085,11.984495425249019,43.2,2.4843920962862844,13.484757017808633,2005,3.5967007707215934,3.0,31074.0,3,136500
275,0.1607,97500,Akron,5,,25,47393,44312,36.30955063776085,11.984495425249019,43.2,2.4843920962862844,13.484757017808633,1959,3.5967007707215934,1.0,31074.0,3,30720
276,0.1047,97500,Akron,5,,25,47393,44312,36.30955063776085,11.984495425249019,43.2,2.4843920962862844,13.484757017808633,1961,3.5967007707215934,2.0,31074.0,4,127000
277,0.1694,97500,Akron,5,,25,47393,44312,36.30955063776085,11.984495425249019,43.2,2.4843920962862844,13.484757017808633,1957,3.5967007707215934,1.0,31074.0,3,92000
278,0.1894,97500,Akron,5,,25,47393,44312,36.30955063776085,11.984495425249019,43.2,2.4843920962862844,13.484757017808633,1957,3.5967007707215934,2.0,31074.0,3,149000
279,0.3719,97500,Akron,5,,25,47393,44312,36.30955063776085,11.984495425249019,43.2,2.4843920962862844,13.484757017808633,1931,3.5967007707215934,1.0,31074.0,3,125000
280,0.2089,97500,Akron,5,,25,47393,44312,36.30955063776085,11.984495425249019,43.2,2.4843920962862844,13.484757017808633,1958,3.5967007707215934,1.0,31074.0,3,44100
281,0.6518,97500,Akron,5,,25,47393,44312,36.30955063776085,11.984495425249019,43.2,2.4843920962862844,13.484757017808633,1987,3.5967007707215934,2.0,31074.0,3,129900
282,0.5693,97500,Akron,5,,25,47393,44312,36.30955063776085,11.984495425249019,43.2,2.4843920962862844,13.484757017808633,1955,3.5967007707215934,1.0,31074.0,3,129900
283,0.1102,97500,Akron,5,,25,47393,44312,36.30955063776085,11.984495425249019,43.2,2.4843920962862844,13.484757017808633,1921,3.5967007707215934,1.0,31074.0,3,15000
284,0.1791,97500,Akron,5,,25,47393,44312,36.30955063776085,11.984495425249019,43.2,2.4843920962862844,13.484757017808633,1995,3.5967007707215934,3.0,31074.0,3,197000
285,0.4855,97500,Akron,5,,25,47393,44312,36.30955063776085,11.984495425249019,43.2,2.4843920962862844,13.484757017808633,1954,3.5967007707215934,3.0,31074.0,3,164900
286,0.1664,97500,Akron,5,,25,47393,44312,36.30955063776085,11.984495425249019,43.2,2.4843920962862844,13.484757017808633,1940,3.5967007707215934,1.0,31074.0,2,86500
287,0.1446,97500,Akron,5,,25,47393,44312,36.30955063776085,11.984495425249019,43.2,2.4843920962862844,13.484757017808633,1954,3.5967007707215934,1.0,31074.0,2,100000
288,0.1607,97500,Akron,5,,25,47393,44312,36.30955063776085,11.984495425249019,43.2,2.4843920962862844,13.484757017808633,1950,3.5967007707215934,1.0,31074.0,3,73500
289,0.2149,97500,Akron,5,,25,47393,44312,36.30955063776085,11.984495425249019,43.2,2.4843920962862844,13.484757017808633,1951,3.5967007707215934,2.0,31074.0,3,15000
290,0.0872,97500,Akron,5,,25,47393,44312,36.30955063776085,11.984495425249019,43.2,2.4843920962862844,13.484757017808633,1919,3.5967007707215934,1.0,31074.0,3,63000
291,0.1607,97500,Akron,5,,25,47393,44312,36.30955063776085,11.984495425249019,43.2,2.4843920962862844,13.484757017808633,1953,3.5967007707215934,1.0,31074.0,3,82500
292,0.1102,97500,Akron,5,,25,47393,44312,36.30955063776085,11.984495425249019,43.2,2.4843920962862844,13.484757017808633,1924,3.5967007707215934,2.0,31074.0,4,81000
293,0.1102,97500,Akron,5,,25,47393,44312,36.30955063776085,11.984495425249019,43.2,2.4843920962862844,13.484757017808633,1949,3.5967007707215934,1.0,31074.0,1,71000
294,0.2342,97500,Akron,5,,25,47393,44312,36.30955063776085,11.984495425249019,43.2,2.4843920962862844,13.484757017808633,2002,3.5967007707215934,3.0,31074.0,3,142000
295,0.3967,97500,Akron,5,,25,47393,44312,36.30955063776085,11.984495425249019,43.2,2.4843920962862844,13.484757017808633,1998,3.5967007707215934,4.0,31074.0,3,395100
296,0.5693,97500,Akron,5,,25,47393,44312,36.30955063776085,11.984495425249019,43.2,2.4843920962862844,13.484757017808633,1953,3.5967007707215934,1.0,31074.0,3,40000
297,0.0999,97500,Akron,5,,25,47393,44312,36.30955063776085,11.984495425249019,43.2,2.4843920962862844,13.484757017808633,1923,3.5967007707215934,1.0,31074.0,4,15100
298,0.3343,97500,Akron,5,,25,47393,44312,36.30955063776085,11.984495425249019,43.2,2.4843920962862844,13.484757017808633,1927,3.5967007707215934,1.0,31074.0,3,80500
299,0.391,97500,Akron,5,,25,47393,44312,36.30955063776085,11.984495425249019,43.2,2.4843920962862844,13.484757017808633,1987,3.5967007707215934,2.0,31074.0,3,151000
300,0.1182,97500,Akron,5,,25,47393,44312,36.30955063776085,11.984495425249019,43.2,2.4843920962862844,13.484757017808633,1952,3.5967007707215934,1.0,31074.0,2,74000
301,0.4419,97500,Akron,5,,25,47393,44312,36.30955063776085,11.984495425249019,43.2,2.4843920962862844,13.484757017808633,1956,3.5967007707215934,1.0,31074.0,2,79000
302,0.47,144000,Akron,8,,64,62266,44319,31.924145428191807,20.78149534967991,45.2,1.8302530055625335,6.378108417438352,1973,6.087691750211379,3.0,22292.0,3,16000
304,0.5142,144000,Akron,8,,64,62266,44319,31.924145428191807,20.78149534967991,45.2,1.8302530055625335,6.378108417438352,1993,6.087691750211379,4.0,22292.0,4,280000
305,0.1148,144000,Akron,8,,64,62266,44319,31.924145428191807,20.78149534967991,45.2,1.8302530055625335,6.378108417438352,1928,6.087691750211379,1.0,22292.0,2,20000
306,0.2858,144000,Akron,8,,64,62266,44319,31.924145428191807,20.78149534967991,45.2,1.8302530055625335,6.378108417438352,1971,6.087691750211379,3.0,22292.0,3,205000
307,0.2904,144000,New Franklin,8,,64,62266,44319,31.924145428191807,20.78149534967991,45.2,1.8302530055625335,6.378108417438352,1943,6.087691750211379,2.0,22292.0,3,169900
308,0.1148,144000,New Franklin,8,,64,62266,44319,31.924145428191807,20.78149534967991,45.2,1.8302530055625335,6.378108417438352,1930,6.087691750211379,2.0,22292.0,2,28000
309,0.2755,144000,New Franklin,8,,64,62266,44319,31.924145428191807,20.78149534967991,45.2,1.8302530055625335,6.378108417438352,1957,6.087691750211379,2.0,22292.0,3,95382
310,0.0803,144000,Akron,8,,64,62266,44319,31.924145428191807,20.78149534967991,45.2,1.8302530055625335,6.378108417438352,1998,6.087691750211379,2.0,22292.0,3,159000
311,0.4821,144000,Akron,8,,64,62266,44319,31.924145428191807,20.78149534967991,45.2,1.8302530055625335,6.378108417438352,1962,6.087691750211379,2.0,22292.0,3,206000
312,0.4013,144000,Akron,8,,64,62266,44319,31.924145428191807,20.78149534967991,45.2,1.8302530055625335,6.378108417438352,1953,6.087691750211379,1.0,22292.0,3,148500
313,0.2603,144000,New Franklin,8,,64,62266,44319,31.924145428191807,20.78149534967991,45.2,1.8302530055625335,6.378108417438352,1957,6.087691750211379,1.0,22292.0,2,330000
314,0.4798,144000,New Franklin,8,,64,62266,44319,31.924145428191807,20.78149534967991,45.2,1.8302530055625335,6.378108417438352,1967,6.087691750211379,2.0,22292.0,3,143000
315,0.0918,144000,New Franklin,8,,64,62266,44319,31.924145428191807,20.78149534967991,45.2,1.8302530055625335,6.378108417438352,1932,6.087691750211379,1.0,22292.0,2,117500
316,0.9583,144000,Coventry Township,8,,64,62266,44319,31.924145428191807,20.78149534967991,45.2,1.8302530055625335,6.378108417438352,1950,6.087691750211379,1.0,22292.0,3,156000
318,0.1171,144000,New Franklin,8,,64,62266,44319,31.924145428191807,20.78149534967991,45.2,1.8302530055625335,6.378108417438352,1932,6.087691750211379,1.0,22292.0,3,300000
319,0.4164,144000,Akron,8,,64,62266,44319,31.924145428191807,20.78149534967991,45.2,1.8302530055625335,6.378108417438352,1942,6.087691750211379,3.0,22292.0,3,100100
320,0.3995,144000,Akron,8,,64,62266,44319,31.924145428191807,20.78149534967991,45.2,1.8302530055625335,6.378108417438352,1928,6.087691750211379,1.0,22292.0,3,49400
321,0.5657,144000,New Franklin,8,,64,62266,44319,31.924145428191807,20.78149534967991,45.2,1.8302530055625335,6.378108417438352,1961,6.087691750211379,2.0,22292.0,3,137000
331,0.1488,111700,Cuyahoga Falls,6,,36,51326,44221,29.256549445362285,20.372905357564314,37.4,2.8301566269153673,10.081867798665858,1950,6.94359216426717,2.0,29433.0,4,146950
332,0.155,111700,Cuyahoga Falls,6,,36,51326,44221,29.256549445362285,20.372905357564314,37.4,2.8301566269153673,10.081867798665858,1930,6.94359216426717,2.0,29433.0,2,122000
333,0.2251,111700,Cuyahoga Falls,6,,36,51326,44221,29.256549445362285,20.372905357564314,37.4,2.8301566269153673,10.081867798665858,1955,6.94359216426717,1.0,29433.0,3,30000
334,0.1364,111700,Cuyahoga Falls,6,,36,51326,44221,29.256549445362285,20.372905357564314,37.4,2.8301566269153673,10.081867798665858,1890,6.94359216426717,1.0,29433.0,2,20500
335,0.14,111700,Cuyahoga Falls,6,,36,51326,44221,29.256549445362285,20.372905357564314,37.4,2.8301566269153673,10.081867798665858,1900,6.94359216426717,2.0,29433.0,4,128900
336,0.1769,111700,Cuyahoga Falls,6,,36,51326,44221,29.256549445362285,20.372905357564314,37.4,2.8301566269153673,10.081867798665858,1979,6.94359216426717,2.0,29433.0,2,145000
337,0.10099999999999999,111700,Cuyahoga Falls,6,,36,51326,44221,29.256549445362285,20.372905357564314,37.4,2.8301566269153673,10.081867798665858,1926,6.94359216426717,1.0,29433.0,3,101000
338,0.124,111700,Cuyahoga Falls,6,,36,51326,44221,29.256549445362285,20.372905357564314,37.4,2.8301566269153673,10.081867798665858,1952,6.94359216426717,2.0,29433.0,3,104580
339,0.1942,111700,Cuyahoga Falls,6,,36,51326,44221,29.256549445362285,20.372905357564314,37.4,2.8301566269153673,10.081867798665858,1919,6.94359216426717,2.0,29433.0,3,204500
340,0.1796,111700,Cuyahoga Falls,6,,36,51326,44221,29.256549445362285,20.372905357564314,37.4,2.8301566269153673,10.081867798665858,1926,6.94359216426717,1.0,29433.0,2,89900
341,0.1377,111700,Cuyahoga Falls,6,,36,51326,44221,29.256549445362285,20.372905357564314,37.4,2.8301566269153673,10.081867798665858,1956,6.94359216426717,1.0,29433.0,2,113000
342,0.1722,111700,Cuyahoga Falls,6,,36,51326,44221,29.256549445362285,20.372905357564314,37.4,2.8301566269153673,10.081867798665858,1958,6.94359216426717,2.0,29433.0,3,137000
343,0.1286,111700,Cuyahoga Falls,6,,36,51326,44221,29.256549445362285,20.372905357564314,37.4,2.8301566269153673,10.081867798665858,1953,6.94359216426717,2.0,29433.0,3,155000
344,0.1791,111700,Cuyahoga Falls,6,,36,51326,44221,29.256549445362285,20.372905357564314,37.4,2.8301566269153673,10.081867798665858,1927,6.94359216426717,2.0,29433.0,3,199850
345,0.135,111700,Cuyahoga Falls,6,,36,51326,44221,29.256549445362285,20.372905357564314,37.4,2.8301566269153673,10.081867798665858,1950,6.94359216426717,2.0,29433.0,3,121500
346,0.1377,111700,Cuyahoga Falls,6,,36,51326,44221,29.256549445362285,20.372905357564314,37.4,2.8301566269153673,10.081867798665858,1948,6.94359216426717,1.0,29433.0,3,103000
347,0.0918,111700,Cuyahoga Falls,6,,36,51326,44221,29.256549445362285,20.372905357564314,37.4,2.8301566269153673,10.081867798665858,1918,6.94359216426717,1.0,29433.0,3,79900
350,0.1568,164100,North Canton,10,,100,65131,44720,26.378965418691052,22.620748785367248,44.2,1.1545614216344664,7.366839832258871,2005,10.54587024864247,2.0,38716.0,3,87500
353,0.5217,164100,Canton,10,,100,65131,44720,26.378965418691052,22.620748785367248,44.2,1.1545614216344664,7.366839832258871,2005,10.54587024864247,4.0,38716.0,4,425000
355,0.7609999999999999,164100,North Canton,10,,100,65131,44720,26.378965418691052,22.620748785367248,44.2,1.1545614216344664,7.366839832258871,1953,10.54587024864247,1.0,38716.0,2,96000
356,0.3329,164100,North Canton,10,,100,65131,44720,26.378965418691052,22.620748785367248,44.2,1.1545614216344664,7.366839832258871,1989,10.54587024864247,4.0,38716.0,4,284900
357,0.3444,164100,North Canton,10,,100,65131,44720,26.378965418691052,22.620748785367248,44.2,1.1545614216344664,7.366839832258871,1970,10.54587024864247,2.0,38716.0,3,152000
359,0.2066,164100,North Canton,10,,100,65131,44720,26.378965418691052,22.620748785367248,44.2,1.1545614216344664,7.366839832258871,1987,10.54587024864247,3.0,38716.0,3,133000
360,0.4591,164100,North Canton,10,,100,65131,44720,26.378965418691052,22.620748785367248,44.2,1.1545614216344664,7.366839832258871,2018,10.54587024864247,3.0,38716.0,4,498500
361,0.5051,164100,North Canton,10,,100,65131,44720,26.378965418691052,22.620748785367248,44.2,1.1545614216344664,7.366839832258871,1975,10.54587024864247,3.0,38716.0,4,223000
362,0.3107,164100,North Canton,10,,100,65131,44720,26.378965418691052,22.620748785367248,44.2,1.1545614216344664,7.366839832258871,1996,10.54587024864247,3.0,38716.0,3,232500
363,0.3485,164100,North Canton,10,,100,65131,44720,26.378965418691052,22.620748785367248,44.2,1.1545614216344664,7.366839832258871,2003,10.54587024864247,3.0,38716.0,3,279900
364,0.4146,164100,North Canton,10,,100,65131,44720,26.378965418691052,22.620748785367248,44.2,1.1545614216344664,7.366839832258871,1954,10.54587024864247,2.0,38716.0,2,103500
365,0.1643,164100,North Canton,10,,100,65131,44720,26.378965418691052,22.620748785367248,44.2,1.1545614216344664,7.366839832258871,1959,10.54587024864247,1.0,38716.0,3,106500
366,0.49,164100,North Canton,10,,100,65131,44720,26.378965418691052,22.620748785367248,44.2,1.1545614216344664,7.366839832258871,1966,10.54587024864247,2.0,38716.0,3,115000
367,0.4417,164100,North Canton,10,,100,65131,44720,26.378965418691052,22.620748785367248,44.2,1.1545614216344664,7.366839832258871,2000,10.54587024864247,3.0,38716.0,5,314900
370,0.7432,164100,North Canton,10,,100,65131,44720,26.378965418691052,22.620748785367248,44.2,1.1545614216344664,7.366839832258871,1952,10.54587024864247,3.0,38716.0,3,194500
371,0.4591,164100,North Canton,10,,100,65131,44720,26.378965418691052,22.620748785367248,44.2,1.1545614216344664,7.366839832258871,2018,10.54587024864247,2.0,38716.0,3,85500
372,0.3444,164100,North Canton,10,,100,65131,44720,26.378965418691052,22.620748785367248,44.2,1.1545614216344664,7.366839832258871,1992,10.54587024864247,3.0,38716.0,4,266000
374,0.4591,164100,North Canton,10,,100,65131,44720,26.378965418691052,22.620748785367248,44.2,1.1545614216344664,7.366839832258871,1964,10.54587024864247,2.0,38716.0,3,168000
375,0.5681,164100,North Canton,10,,100,65131,44720,26.378965418691052,22.620748785367248,44.2,1.1545614216344664,7.366839832258871,2002,10.54587024864247,5.0,38716.0,4,483400
377,0.6749,164100,North Canton,10,,100,65131,44720,26.378965418691052,22.620748785367248,44.2,1.1545614216344664,7.366839832258871,2001,10.54587024864247,5.0,38716.0,4,385000
378,0.4591,164100,North Canton,10,,100,65131,44720,26.378965418691052,22.620748785367248,44.2,1.1545614216344664,7.366839832258871,1959,10.54587024864247,2.0,38716.0,3,146500
380,0.3134,164100,North Canton,10,,100,65131,44720,26.378965418691052,22.620748785367248,44.2,1.1545614216344664,7.366839832258871,2018,10.54587024864247,2.0,38716.0,3,119000
382,0.359,164100,North Canton,10,,100,65131,44720,26.378965418691052,22.620748785367248,44.2,1.1545614216344664,7.366839832258871,2011,10.54587024864247,4.0,38716.0,5,325000
384,0.1921,164100,North Canton,10,,100,65131,44720,26.378965418691052,22.620748785367248,44.2,1.1545614216344664,7.366839832258871,1960,10.54587024864247,1.0,38716.0,3,126000
386,0.2925,141100,Streetsboro,6,,36,61065,44241,31.034188762895386,16.548725381532954,40.0,6.843425295592978,9.816735331723256,1960,8.653764174268906,2.0,16746.0,3,48000
387,0.26,141100,Streetsboro,6,,36,61065,44241,31.034188762895386,16.548725381532954,40.0,6.843425295592978,9.816735331723256,1997,8.653764174268906,2.0,16746.0,3,135000
388,0.46399999999999997,141100,Streetsboro,6,,36,61065,44241,31.034188762895386,16.548725381532954,40.0,6.843425295592978,9.816735331723256,2008,8.653764174268906,3.0,16746.0,4,310000
389,0.6890000000000001,141100,Streetsboro,6,,36,61065,44241,31.034188762895386,16.548725381532954,40.0,6.843425295592978,9.816735331723256,1900,8.653764174268906,2.0,16746.0,4,93334
390,0.546,141100,Streetsboro,6,,36,61065,44241,31.034188762895386,16.548725381532954,40.0,6.843425295592978,9.816735331723256,2008,8.653764174268906,4.0,16746.0,4,280000
391,0.22699999999999998,141100,Streetsboro,6,,36,61065,44241,31.034188762895386,16.548725381532954,40.0,6.843425295592978,9.816735331723256,1998,8.653764174268906,3.0,16746.0,3,228000
392,0.2204,75600,Akron,4,,16,32294,44320,31.1426116838488,12.678980526918672,44.4,71.22154273087004,29.65906473162866,1956,4.3098510882016035,1.0,19459.0,3,49000
393,0.124,75600,Akron,4,,16,32294,44320,31.1426116838488,12.678980526918672,44.4,71.22154273087004,29.65906473162866,1950,4.3098510882016035,2.0,19459.0,4,27900
394,0.1273,75600,Akron,4,,16,32294,44320,31.1426116838488,12.678980526918672,44.4,71.22154273087004,29.65906473162866,1972,4.3098510882016035,1.0,19459.0,3,40000
395,0.107,75600,Akron,4,,16,32294,44320,31.1426116838488,12.678980526918672,44.4,71.22154273087004,29.65906473162866,1921,4.3098510882016035,1.0,19459.0,3,28900
396,0.1295,75600,Akron,4,,16,32294,44320,31.1426116838488,12.678980526918672,44.4,71.22154273087004,29.65906473162866,1914,4.3098510882016035,1.0,19459.0,2,14900
397,0.1553,75600,Akron,4,,16,32294,44320,31.1426116838488,12.678980526918672,44.4,71.22154273087004,29.65906473162866,1920,4.3098510882016035,1.0,19459.0,3,25370
398,0.1102,75600,Akron,4,,16,32294,44320,31.1426116838488,12.678980526918672,44.4,71.22154273087004,29.65906473162866,1926,4.3098510882016035,2.0,19459.0,3,8750
399,0.1515,75600,Akron,4,,16,32294,44320,31.1426116838488,12.678980526918672,44.4,71.22154273087004,29.65906473162866,1944,4.3098510882016035,1.0,19459.0,3,33000
400,0.0895,75600,Akron,4,,16,32294,44320,31.1426116838488,12.678980526918672,44.4,71.22154273087004,29.65906473162866,1950,4.3098510882016035,1.0,19459.0,3,39930
401,0.1322,75600,Akron,4,,16,32294,44320,31.1426116838488,12.678980526918672,44.4,71.22154273087004,29.65906473162866,1983,4.3098510882016035,2.0,19459.0,3,85000
402,0.3539,75600,Akron,4,,16,32294,44320,31.1426116838488,12.678980526918672,44.4,71.22154273087004,29.65906473162866,1922,4.3098510882016035,5.0,19459.0,5,45000
403,0.155,75600,Akron,4,,16,32294,44320,31.1426116838488,12.678980526918672,44.4,71.22154273087004,29.65906473162866,1916,4.3098510882016035,1.0,19459.0,3,27500
404,0.1997,75600,Akron,4,,16,32294,44320,31.1426116838488,12.678980526918672,44.4,71.22154273087004,29.65906473162866,1956,4.3098510882016035,1.0,19459.0,3,40000
405,0.2479,75600,Akron,4,,16,32294,44320,31.1426116838488,12.678980526918672,44.4,71.22154273087004,29.65906473162866,1939,4.3098510882016035,1.0,19459.0,2,80000
406,0.1251,75600,Akron,4,,16,32294,44320,31.1426116838488,12.678980526918672,44.4,71.22154273087004,29.65906473162866,1949,4.3098510882016035,1.0,19459.0,2,70000
407,0.1028,75600,Akron,4,,16,32294,44320,31.1426116838488,12.678980526918672,44.4,71.22154273087004,29.65906473162866,1919,4.3098510882016035,1.0,19459.0,3,24500
408,0.1102,75600,Akron,4,,16,32294,44320,31.1426116838488,12.678980526918672,44.4,71.22154273087004,29.65906473162866,1943,4.3098510882016035,1.0,19459.0,1,19000
409,0.1439,75600,Akron,4,,16,32294,44320,31.1426116838488,12.678980526918672,44.4,71.22154273087004,29.65906473162866,1924,4.3098510882016035,1.0,19459.0,4,16500
410,0.4039,75600,Akron,4,,16,32294,44320,31.1426116838488,12.678980526918672,44.4,71.22154273087004,29.65906473162866,1941,4.3098510882016035,2.0,19459.0,3,164000
411,0.135,75600,Akron,4,,16,32294,44320,31.1426116838488,12.678980526918672,44.4,71.22154273087004,29.65906473162866,1931,4.3098510882016035,1.0,19459.0,3,40000
412,0.1515,75600,Akron,4,,16,32294,44320,31.1426116838488,12.678980526918672,44.4,71.22154273087004,29.65906473162866,1927,4.3098510882016035,1.0,19459.0,3,52500
413,0.1102,75600,Akron,4,,16,32294,44320,31.1426116838488,12.678980526918672,44.4,71.22154273087004,29.65906473162866,1928,4.3098510882016035,1.0,19459.0,3,23110
414,0.157,75600,Akron,4,,16,32294,44320,31.1426116838488,12.678980526918672,44.4,71.22154273087004,29.65906473162866,1925,4.3098510882016035,3.0,19459.0,4,90000
415,0.9840000000000001,151800,Canal Fulton,9,,81,63966,44614,32.04083849245139,16.54176170305203,44.3,0.6265173466990367,7.182211727666273,1973,8.26545020093407,2.0,12769.0,4,172500
416,0.2553,151800,Canal Fulton,9,,81,63966,44614,32.04083849245139,16.54176170305203,44.3,0.6265173466990367,7.182211727666273,1977,8.26545020093407,1.0,12769.0,3,137400
417,0.1615,151800,Canal Fulton,9,,81,63966,44614,32.04083849245139,16.54176170305203,44.3,0.6265173466990367,7.182211727666273,2014,8.26545020093407,3.0,12769.0,3,222000
418,0.2057,151800,Canal Fulton,9,,81,63966,44614,32.04083849245139,16.54176170305203,44.3,0.6265173466990367,7.182211727666273,2004,8.26545020093407,3.0,12769.0,4,226500
419,0.1091,151800,Canal Fulton,9,,81,63966,44614,32.04083849245139,16.54176170305203,44.3,0.6265173466990367,7.182211727666273,2018,8.26545020093407,2.0,12769.0,3,289200
420,0.2726,151800,Canal Fulton,9,,81,63966,44614,32.04083849245139,16.54176170305203,44.3,0.6265173466990367,7.182211727666273,1980,8.26545020093407,1.0,12769.0,3,135000
421,0.1557,151800,Canal Fulton,9,,81,63966,44614,32.04083849245139,16.54176170305203,44.3,0.6265173466990367,7.182211727666273,2018,8.26545020093407,2.0,12769.0,3,46900
422,0.4697,151800,Canal Fulton,9,,81,63966,44614,32.04083849245139,16.54176170305203,44.3,0.6265173466990367,7.182211727666273,2018,8.26545020093407,3.0,12769.0,4,44800
424,0.1377,151800,Canal Fulton,9,,81,63966,44614,32.04083849245139,16.54176170305203,44.3,0.6265173466990367,7.182211727666273,1889,8.26545020093407,2.0,12769.0,3,149900
425,0.2837,151800,Canal Fulton,9,,81,63966,44614,32.04083849245139,16.54176170305203,44.3,0.6265173466990367,7.182211727666273,1977,8.26545020093407,2.0,12769.0,3,116800
426,0.4729,151800,Canal Fulton,9,,81,63966,44614,32.04083849245139,16.54176170305203,44.3,0.6265173466990367,7.182211727666273,1977,8.26545020093407,1.0,12769.0,3,147000
427,0.3074,151800,Canal Fulton,9,,81,63966,44614,32.04083849245139,16.54176170305203,44.3,0.6265173466990367,7.182211727666273,1971,8.26545020093407,3.0,12769.0,4,167000
428,0.15,102500,Elyria,7,,49,44238,44035,29.762398121287468,10.95915642123682,40.4,12.782357012521237,18.229012162563038,1928,4.724409448818897,1.0,63572.0,2,60000
429,0.2009,102500,Elyria,7,,49,44238,44035,29.762398121287468,10.95915642123682,40.4,12.782357012521237,18.229012162563038,2000,4.724409448818897,2.0,63572.0,3,328200
430,0.2009,102500,Elyria,7,,49,44238,44035,29.762398121287468,10.95915642123682,40.4,12.782357012521237,18.229012162563038,2000,4.724409448818897,2.0,63572.0,3,391800
431,0.11,102500,Elyria,7,,49,44238,44035,29.762398121287468,10.95915642123682,40.4,12.782357012521237,18.229012162563038,1944,4.724409448818897,1.0,63572.0,2,62000
432,0.3362,102500,Elyria,7,,49,44238,44035,29.762398121287468,10.95915642123682,40.4,12.782357012521237,18.229012162563038,2005,4.724409448818897,3.0,63572.0,3,223000
433,0.1934,102500,Elyria,7,,49,44238,44035,29.762398121287468,10.95915642123682,40.4,12.782357012521237,18.229012162563038,2002,4.724409448818897,3.0,63572.0,3,229000
434,0.1366,176200,Wadsworth,10,,100,70232,44281,23.88302571016784,25.240596959412336,39.6,1.2981242263623956,7.783267190410625,1958,8.926495885443304,1.0,31507.0,3,138000
435,0.5006,176200,Wadsworth,10,,100,70232,44281,23.88302571016784,25.240596959412336,39.6,1.2981242263623956,7.783267190410625,1987,8.926495885443304,1.0,31507.0,3,170900
436,0.2926,176200,Wadsworth,10,,100,70232,44281,23.88302571016784,25.240596959412336,39.6,1.2981242263623956,7.783267190410625,2017,8.926495885443304,3.0,31507.0,4,295000
437,0.25,176200,Wadsworth,10,,100,70232,44281,23.88302571016784,25.240596959412336,39.6,1.2981242263623956,7.783267190410625,2002,8.926495885443304,3.0,31507.0,4,243900
438,0.3444,176200,Wadsworth,10,,100,70232,44281,23.88302571016784,25.240596959412336,39.6,1.2981242263623956,7.783267190410625,1957,8.926495885443304,1.0,31507.0,2,145000
439,0.2313,176200,Wadsworth,10,,100,70232,44281,23.88302571016784,25.240596959412336,39.6,1.2981242263623956,7.783267190410625,2015,8.926495885443304,3.0,31507.0,4,325000
440,0.39,176200,Wadsworth,10,,100,70232,44281,23.88302571016784,25.240596959412336,39.6,1.2981242263623956,7.783267190410625,1992,8.926495885443304,3.0,31507.0,4,287500
441,0.25,176200,Wadsworth,10,,100,70232,44281,23.88302571016784,25.240596959412336,39.6,1.2981242263623956,7.783267190410625,2003,8.926495885443304,3.0,31507.0,3,292500
442,0.2841,176200,Wadsworth,10,,100,70232,44281,23.88302571016784,25.240596959412336,39.6,1.2981242263623956,7.783267190410625,1978,8.926495885443304,1.0,31507.0,3,57000
444,0.1908,176200,Wadsworth,10,,100,70232,44281,23.88302571016784,25.240596959412336,39.6,1.2981242263623956,7.783267190410625,1940,8.926495885443304,1.0,31507.0,2,65000
446,0.98,176200,Wadsworth,10,,100,70232,44281,23.88302571016784,25.240596959412336,39.6,1.2981242263623956,7.783267190410625,1940,8.926495885443304,1.0,31507.0,1,125000
448,0.3029,176200,Wadsworth,10,,100,70232,44281,23.88302571016784,25.240596959412336,39.6,1.2981242263623956,7.783267190410625,1965,8.926495885443304,2.0,31507.0,4,170100
449,0.99,176200,Wadsworth,10,,100,70232,44281,23.88302571016784,25.240596959412336,39.6,1.2981242263623956,7.783267190410625,1887,8.926495885443304,2.0,31507.0,3,220100
450,0.33,176200,Wadsworth,10,,100,70232,44281,23.88302571016784,25.240596959412336,39.6,1.2981242263623956,7.783267190410625,1995,8.926495885443304,2.0,31507.0,3,233000
451,0.1864,176200,Wadsworth,10,,100,70232,44281,23.88302571016784,25.240596959412336,39.6,1.2981242263623956,7.783267190410625,1920,8.926495885443304,1.0,31507.0,3,105000
453,0.0964,58400,Akron,4,,16,19158,44307,35.467980295566505,2.9770828871278647,33.4,82.95819935691318,53.42342342342342,1919,2.78432212465196,1.0,7464.0,2,16000
454,0.1446,58400,Akron,4,,16,19158,44307,35.467980295566505,2.9770828871278647,33.4,82.95819935691318,53.42342342342342,1965,2.78432212465196,1.0,7464.0,3,16000
455,0.2033,58400,Akron,4,,16,19158,44307,35.467980295566505,2.9770828871278647,33.4,82.95819935691318,53.42342342342342,2007,2.78432212465196,2.0,7464.0,3,28000
456,0.0331,58400,Akron,4,,16,19158,44307,35.467980295566505,2.9770828871278647,33.4,82.95819935691318,53.42342342342342,1915,2.78432212465196,1.0,7464.0,4,12000
457,0.10099999999999999,58400,Akron,4,,16,19158,44307,35.467980295566505,2.9770828871278647,33.4,82.95819935691318,53.42342342342342,1923,2.78432212465196,1.0,7464.0,3,27500
458,0.1412,58400,Akron,4,,16,19158,44307,35.467980295566505,2.9770828871278647,33.4,82.95819935691318,53.42342342342342,1957,2.78432212465196,1.0,7464.0,3,22000
460,0.25,169900,Oberlin,7,,49,57264,44074,24.06050210509902,16.716045532512087,32.8,12.738407699037621,9.948586118251928,1900,13.410260408545144,2.0,11430.0,3,119000
461,0.0961,51200,Akron,4,,16,19026,44311,22.295002426006793,5.725376031052887,23.8,40.16245487364621,41.8280665987088,1935,0.9461426491994178,1.0,8864.0,3,85000
462,0.1288,51200,Akron,4,,16,19026,44311,22.295002426006793,5.725376031052887,23.8,40.16245487364621,41.8280665987088,1916,0.9461426491994178,2.0,8864.0,2,50900
463,0.1309,51200,Akron,4,,16,19026,44311,22.295002426006793,5.725376031052887,23.8,40.16245487364621,41.8280665987088,1903,0.9461426491994178,1.0,8864.0,3,14000
464,0.0413,51200,Akron,4,,16,19026,44311,22.295002426006793,5.725376031052887,23.8,40.16245487364621,41.8280665987088,1919,0.9461426491994178,1.0,8864.0,3,24000
465,0.2409,51200,Akron,4,,16,19026,44311,22.295002426006793,5.725376031052887,23.8,40.16245487364621,41.8280665987088,1889,0.9461426491994178,2.0,8864.0,4,62000
466,0.0468,51200,Akron,4,,16,19026,44311,22.295002426006793,5.725376031052887,23.8,40.16245487364621,41.8280665987088,1904,0.9461426491994178,1.0,8864.0,4,20300
467,0.1433,51200,Akron,4,,16,19026,44311,22.295002426006793,5.725376031052887,23.8,40.16245487364621,41.8280665987088,1910,0.9461426491994178,2.0,8864.0,3,40000
468,0.1874,146000,Akron,4,,16,53833,44303,18.377288761968753,25.466151520241898,46.8,10.920213458284524,8.578708946772368,1916,15.152024189484296,2.0,7683.0,3,37000
469,0.1584,146000,Akron,4,,16,53833,44303,18.377288761968753,25.466151520241898,46.8,10.920213458284524,8.578708946772368,1929,15.152024189484296,2.0,7683.0,4,159250
470,0.36,146000,Akron,4,,16,53833,44303,18.377288761968753,25.466151520241898,46.8,10.920213458284524,8.578708946772368,1980,15.152024189484296,3.0,7683.0,3,350000
471,0.2459,146000,Akron,4,,16,53833,44303,18.377288761968753,25.466151520241898,46.8,10.920213458284524,8.578708946772368,1959,15.152024189484296,1.0,7683.0,2,185000
472,0.4532,146000,Akron,4,,16,53833,44303,18.377288761968753,25.466151520241898,46.8,10.920213458284524,8.578708946772368,1988,15.152024189484296,3.0,7683.0,4,505000
473,0.2117,146000,Akron,4,,16,53833,44303,18.377288761968753,25.466151520241898,46.8,10.920213458284524,8.578708946772368,1909,15.152024189484296,2.0,7683.0,3,140000
474,0.1286,146000,Chippewa Lake,7,,49,55500,44215,38.35103060587133,13.991255465334165,41.1,0.7943512797881729,9.453302961275627,1954,4.4347282948157405,1.0,2266.0,3,159500
475,0.0692,146000,Chippewa Lake,7,,49,55500,44215,38.35103060587133,13.991255465334165,41.1,0.7943512797881729,9.453302961275627,1959,4.4347282948157405,1.0,2266.0,3,122000
478,0.2697,146200,Doylestown,10,,100,57449,44230,35.00903564974536,15.45917529160506,43.9,0.9882571793977444,6.155632984901278,1946,7.442089699359291,2.0,8601.0,3,114900
479,0.32,146200,Doylestown,10,,100,57449,44230,35.00903564974536,15.45917529160506,43.9,0.9882571793977444,6.155632984901278,1874,7.442089699359291,2.0,8601.0,3,118000
480,0.3788,146200,Doylestown,10,,100,57449,44230,35.00903564974536,15.45917529160506,43.9,0.9882571793977444,6.155632984901278,1965,7.442089699359291,3.0,8601.0,3,159000
481,0.303,146200,Doylestown,10,,100,57449,44230,35.00903564974536,15.45917529160506,43.9,0.9882571793977444,6.155632984901278,1998,7.442089699359291,2.0,8601.0,3,208000
482,0.4649,146200,Doylestown,10,,100,57449,44230,35.00903564974536,15.45917529160506,43.9,0.9882571793977444,6.155632984901278,1976,7.442089699359291,3.0,8601.0,2,149000
483,0.1286,108300,Lakemore,5,,25,46128,44250,44.0460947503201,3.4571062740076828,47.6,14.636283961437336,24.830699774266364,2002,0.0,2.0,1141.0,3,139500
484,0.1056,108300,Lakemore,5,,25,46128,44250,44.0460947503201,3.4571062740076828,47.6,14.636283961437336,24.830699774266364,2000,0.0,3.0,1141.0,3,61500
485,0.61,117600,Ravenna,6,,36,47302,44266,39.29138930642044,11.415074082027056,40.8,3.5966717366019503,19.451911589008365,1999,4.960274855056904,3.0,33531.0,3,201000
486,0.1194,117600,Ravenna,6,,36,47302,44266,39.29138930642044,11.415074082027056,40.8,3.5966717366019503,19.451911589008365,1955,4.960274855056904,2.0,33531.0,3,130000
489,0.2663,117600,Ravenna,6,,36,47302,44266,39.29138930642044,11.415074082027056,40.8,3.5966717366019503,19.451911589008365,1890,4.960274855056904,3.0,33531.0,5,85000
491,0.297,117600,Ravenna,6,,36,47302,44266,39.29138930642044,11.415074082027056,40.8,3.5966717366019503,19.451911589008365,2005,4.960274855056904,3.0,33531.0,3,175000
494,0.53,117600,Ravenna,6,,36,47302,44266,39.29138930642044,11.415074082027056,40.8,3.5966717366019503,19.451911589008365,1999,4.960274855056904,3.0,33531.0,4,230000
495,0.2507,117600,Ravenna,6,,36,47302,44266,39.29138930642044,11.415074082027056,40.8,3.5966717366019503,19.451911589008365,1959,4.960274855056904,1.0,33531.0,3,47000
496,0.115,117600,Ravenna,6,,36,47302,44266,39.29138930642044,11.415074082027056,40.8,3.5966717366019503,19.451911589008365,1940,4.960274855056904,1.0,33531.0,2,49000
497,0.0895,117600,Ravenna,6,,36,47302,44266,39.29138930642044,11.415074082027056,40.8,3.5966717366019503,19.451911589008365,1955,4.960274855056904,1.0,33531.0,3,51400
498,0.2755,121900,Rittman,9,,81,50667,44270,42.52486094724423,11.832125400303388,41.7,0.7233065442020666,14.00304414003044,1967,3.050733187257711,2.0,8710.0,3,150000
500,0.1215,121900,Rittman,9,,81,50667,44270,42.52486094724423,11.832125400303388,41.7,0.7233065442020666,14.00304414003044,1927,3.050733187257711,2.0,8710.0,2,60000
501,0.1722,121900,Rittman,9,,81,50667,44270,42.52486094724423,11.832125400303388,41.7,0.7233065442020666,14.00304414003044,1985,3.050733187257711,1.0,8710.0,2,46500
502,0.2017,121900,Rittman,9,,81,50667,44270,42.52486094724423,11.832125400303388,41.7,0.7233065442020666,14.00304414003044,1956,3.050733187257711,3.0,8710.0,3,90000
503,0.5698,121900,Rittman,9,,81,50667,44270,42.52486094724423,11.832125400303388,41.7,0.7233065442020666,14.00304414003044,1958,3.050733187257711,4.0,8710.0,6,307500
504,0.2273,121900,Rittman,9,,81,50667,44270,42.52486094724423,11.832125400303388,41.7,0.7233065442020666,14.00304414003044,1949,3.050733187257711,1.0,8710.0,3,125000
505,0.2424,152300,Mogadore,6,,36,60907,44260,40.80404170697625,17.542728152208966,43.8,0.02215166506682419,6.453511180855237,1955,4.815650865312264,1.0,13543.0,2,140000
506,0.1791,152300,Mogadore,6,,36,60907,44260,40.80404170697625,17.542728152208966,43.8,0.02215166506682419,6.453511180855237,1993,4.815650865312264,3.0,13543.0,3,167000
508,0.4028,152300,Mogadore,6,,36,60907,44260,40.80404170697625,17.542728152208966,43.8,0.02215166506682419,6.453511180855237,1971,4.815650865312264,2.0,13543.0,4,159900
509,0.2014,152300,Mogadore,6,,36,60907,44260,40.80404170697625,17.542728152208966,43.8,0.02215166506682419,6.453511180855237,1960,4.815650865312264,1.0,13543.0,3,120000
512,0.4729,235200,Aurora,10,,100,86414,44202,17.95127511041459,31.970366149024077,45.4,4.649431846375229,5.317104420243433,1958,13.762644251317852,2.0,20153.0,3,155000
513,0.4025,235200,Aurora,10,,100,86414,44202,17.95127511041459,31.970366149024077,45.4,4.649431846375229,5.317104420243433,1971,13.762644251317852,3.0,20153.0,4,220000
514,0.4591,235200,Aurora,10,,100,86414,44202,17.95127511041459,31.970366149024077,45.4,4.649431846375229,5.317104420243433,1953,13.762644251317852,2.0,20153.0,3,215000
515,0.41,235200,Aurora,10,,100,86414,44202,17.95127511041459,31.970366149024077,45.4,4.649431846375229,5.317104420243433,2000,13.762644251317852,3.0,20153.0,4,435000
516,0.637,235200,Aurora,10,,100,86414,44202,17.95127511041459,31.970366149024077,45.4,4.649431846375229,5.317104420243433,2018,13.762644251317852,4.0,20153.0,4,460000
517,0.2009,235200,Aurora,10,,100,86414,44202,17.95127511041459,31.970366149024077,45.4,4.649431846375229,5.317104420243433,1976,13.762644251317852,2.0,20153.0,3,127000
519,0.1791,235200,Aurora,10,,100,86414,44202,17.95127511041459,31.970366149024077,45.4,4.649431846375229,5.317104420243433,1955,13.762644251317852,1.0,20153.0,2,86000
520,0.3671,149300,Akron,4,,16,56316,44313,19.028631555629396,32.203577559949046,41.1,23.203562237019487,11.813186813186812,1955,9.392479370881098,3.0,24479.0,3,135255
521,0.4035,149300,Akron,4,,16,56316,44313,19.028631555629396,32.203577559949046,41.1,23.203562237019487,11.813186813186812,1930,9.392479370881098,3.0,24479.0,4,269000
522,0.1515,149300,Akron,4,,16,56316,44313,19.028631555629396,32.203577559949046,41.1,23.203562237019487,11.813186813186812,1961,9.392479370881098,1.0,24479.0,3,130000
523,0.1894,149300,Akron,4,,16,56316,44313,19.028631555629396,32.203577559949046,41.1,23.203562237019487,11.813186813186812,1951,9.392479370881098,1.0,24479.0,4,133000
524,0.4408,149300,Akron,4,,16,56316,44313,19.028631555629396,32.203577559949046,41.1,23.203562237019487,11.813186813186812,1965,9.392479370881098,3.0,24479.0,4,280000
525,0.2101,149300,Akron,4,,16,56316,44313,19.028631555629396,32.203577559949046,41.1,23.203562237019487,11.813186813186812,1941,9.392479370881098,2.0,24479.0,3,209900
526,0.2617,149300,Akron,4,,16,56316,44313,19.028631555629396,32.203577559949046,41.1,23.203562237019487,11.813186813186812,1947,9.392479370881098,3.0,24479.0,4,190000
527,0.3274,149300,Akron,4,,16,56316,44313,19.028631555629396,32.203577559949046,41.1,23.203562237019487,11.813186813186812,1958,9.392479370881098,3.0,24479.0,4,297000
528,0.2872,149300,Akron,4,,16,56316,44313,19.028631555629396,32.203577559949046,41.1,23.203562237019487,11.813186813186812,1928,9.392479370881098,1.0,24479.0,3,117000
529,0.2094,149300,Akron,4,,16,56316,44313,19.028631555629396,32.203577559949046,41.1,23.203562237019487,11.813186813186812,1956,9.392479370881098,2.0,24479.0,3,119500
530,0.2909,149300,Akron,4,,16,56316,44313,19.028631555629396,32.203577559949046,41.1,23.203562237019487,11.813186813186812,1936,9.392479370881098,3.0,24479.0,4,315000
531,0.3259,149300,Akron,4,,16,56316,44313,19.028631555629396,32.203577559949046,41.1,23.203562237019487,11.813186813186812,1978,9.392479370881098,3.0,24479.0,4,265500
532,0.7059,149300,Akron,4,,16,56316,44313,19.028631555629396,32.203577559949046,41.1,23.203562237019487,11.813186813186812,1941,9.392479370881098,4.0,24479.0,4,270000
533,0.1591,149300,Akron,4,,16,56316,44313,19.028631555629396,32.203577559949046,41.1,23.203562237019487,11.813186813186812,1941,9.392479370881098,2.0,24479.0,4,168200
534,0.2101,149300,Akron,4,,16,56316,44313,19.028631555629396,32.203577559949046,41.1,23.203562237019487,11.813186813186812,1938,9.392479370881098,3.0,24479.0,3,209000
535,0.2369,149300,Akron,4,,16,56316,44313,19.028631555629396,32.203577559949046,41.1,23.203562237019487,11.813186813186812,1952,9.392479370881098,2.0,24479.0,2,100000
536,0.2996,149300,Akron,4,,16,56316,44313,19.028631555629396,32.203577559949046,41.1,23.203562237019487,11.813186813186812,1953,9.392479370881098,2.0,24479.0,3,137540
537,0.2223,149300,Akron,4,,16,56316,44313,19.028631555629396,32.203577559949046,41.1,23.203562237019487,11.813186813186812,1958,9.392479370881098,2.0,24479.0,4,179000
538,0.2687,149300,Akron,4,,16,56316,44313,19.028631555629396,32.203577559949046,41.1,23.203562237019487,11.813186813186812,1955,9.392479370881098,1.0,24479.0,3,33000
539,0.1653,149300,Akron,4,,16,56316,44313,19.028631555629396,32.203577559949046,41.1,23.203562237019487,11.813186813186812,1949,9.392479370881098,3.0,24479.0,3,147500
585,0.2755,170400,Stow,8,,64,67184,44224,21.629357798165138,29.137614678899084,40.0,5.2619485294117645,7.4866310160427805,1977,13.192660550458715,2.0,39168.0,4,210000
586,0.6566,170400,Stow,8,,64,67184,44224,21.629357798165138,29.137614678899084,40.0,5.2619485294117645,7.4866310160427805,1975,13.192660550458715,3.0,39168.0,4,257500
587,0.2758,170400,Stow,8,,64,67184,44224,21.629357798165138,29.137614678899084,40.0,5.2619485294117645,7.4866310160427805,1959,13.192660550458715,1.0,39168.0,3,117500
588,0.3678,170400,Stow,8,,64,67184,44224,21.629357798165138,29.137614678899084,40.0,5.2619485294117645,7.4866310160427805,1970,13.192660550458715,3.0,39168.0,3,172500
589,0.2768,170400,Stow,8,,64,67184,44224,21.629357798165138,29.137614678899084,40.0,5.2619485294117645,7.4866310160427805,1977,13.192660550458715,3.0,39168.0,4,175000
590,0.3489,170400,Silver Lake,8,,64,67184,44224,21.629357798165138,29.137614678899084,40.0,5.2619485294117645,7.4866310160427805,1961,13.192660550458715,3.0,39168.0,3,175000
591,0.5399,170400,Stow,8,,64,67184,44224,21.629357798165138,29.137614678899084,40.0,5.2619485294117645,7.4866310160427805,1997,13.192660550458715,2.0,39168.0,3,240100
592,0.5659,170400,Stow,8,,64,67184,44224,21.629357798165138,29.137614678899084,40.0,5.2619485294117645,7.4866310160427805,1999,13.192660550458715,3.0,39168.0,3,270000
593,0.5312,170400,Stow,8,,64,67184,44224,21.629357798165138,29.137614678899084,40.0,5.2619485294117645,7.4866310160427805,1956,13.192660550458715,4.0,39168.0,3,295500
594,0.1997,170400,Stow,8,,64,67184,44224,21.629357798165138,29.137614678899084,40.0,5.2619485294117645,7.4866310160427805,2002,13.192660550458715,2.0,39168.0,3,36000
595,0.2521,170400,Stow,8,,64,67184,44224,21.629357798165138,29.137614678899084,40.0,5.2619485294117645,7.4866310160427805,1958,13.192660550458715,2.0,39168.0,3,160000
596,0.3416,170400,Stow,8,,64,67184,44224,21.629357798165138,29.137614678899084,40.0,5.2619485294117645,7.4866310160427805,1993,13.192660550458715,3.0,39168.0,4,410000
597,0.528,170400,Stow,8,,64,67184,44224,21.629357798165138,29.137614678899084,40.0,5.2619485294117645,7.4866310160427805,1972,13.192660550458715,3.0,39168.0,4,230000
598,0.2583,170400,Stow,8,,64,67184,44224,21.629357798165138,29.137614678899084,40.0,5.2619485294117645,7.4866310160427805,1972,13.192660550458715,1.0,39168.0,3,142100
599,0.2821,170400,Stow,8,,64,67184,44224,21.629357798165138,29.137614678899084,40.0,5.2619485294117645,7.4866310160427805,1960,13.192660550458715,1.0,39168.0,3,150000
600,0.2583,170400,Silver Lake,8,,64,67184,44224,21.629357798165138,29.137614678899084,40.0,5.2619485294117645,7.4866310160427805,1958,13.192660550458715,3.0,39168.0,3,205500
601,0.4591,170400,Stow,8,,64,67184,44224,21.629357798165138,29.137614678899084,40.0,5.2619485294117645,7.4866310160427805,1972,13.192660550458715,3.0,39168.0,3,300000
602,0.2212,170400,Stow,8,,64,67184,44224,21.629357798165138,29.137614678899084,40.0,5.2619485294117645,7.4866310160427805,2008,13.192660550458715,4.0,39168.0,3,251900
603,0.24100000000000002,170400,Stow,8,,64,67184,44224,21.629357798165138,29.137614678899084,40.0,5.2619485294117645,7.4866310160427805,1960,13.192660550458715,1.0,39168.0,3,95000
604,0.83,129900,Norwalk,6,,36,48456,44857,39.46225571592796,10.180099629582323,39.2,2.744293408566299,15.417286047993203,1953,5.549878656277941,1.0,23394.0,3,50000
605,0.2115,129900,Norwalk,6,,36,48456,44857,39.46225571592796,10.180099629582323,39.2,2.744293408566299,15.417286047993203,1957,5.549878656277941,1.0,23394.0,3,146000
606,0.1469,129900,Norwalk,6,,36,48456,44857,39.46225571592796,10.180099629582323,39.2,2.744293408566299,15.417286047993203,1910,5.549878656277941,2.0,23394.0,4,102000
607,0.2,129900,Norwalk,6,,36,48456,44857,39.46225571592796,10.180099629582323,39.2,2.744293408566299,15.417286047993203,1958,5.549878656277941,1.0,23394.0,3,67500
608,0.0476,62300,Akron,4,,16,34481,44314,39.23744809362024,6.644016610041525,38.3,18.867630238119997,25.014798153190483,1919,1.5779539448848623,1.0,19234.0,2,14700
609,0.1188,62300,Akron,4,,16,34481,44314,39.23744809362024,6.644016610041525,38.3,18.867630238119997,25.014798153190483,1914,1.5779539448848623,1.0,19234.0,3,20000
610,0.124,62300,Akron,4,,16,34481,44314,39.23744809362024,6.644016610041525,38.3,18.867630238119997,25.014798153190483,1954,1.5779539448848623,1.0,19234.0,3,25000
611,0.1435,62300,Akron,4,,16,34481,44314,39.23744809362024,6.644016610041525,38.3,18.867630238119997,25.014798153190483,1920,1.5779539448848623,1.0,19234.0,2,10000
612,0.0941,62300,Akron,4,,16,34481,44314,39.23744809362024,6.644016610041525,38.3,18.867630238119997,25.014798153190483,1923,1.5779539448848623,1.0,19234.0,3,20000
613,0.1322,62300,Akron,4,,16,34481,44314,39.23744809362024,6.644016610041525,38.3,18.867630238119997,25.014798153190483,1957,1.5779539448848623,1.0,19234.0,3,65000
614,0.124,62300,Akron,4,,16,34481,44314,39.23744809362024,6.644016610041525,38.3,18.867630238119997,25.014798153190483,1966,1.5779539448848623,1.0,19234.0,3,32040
615,0.0929,62300,Akron,4,,16,34481,44314,39.23744809362024,6.644016610041525,38.3,18.867630238119997,25.014798153190483,1918,1.5779539448848623,1.0,19234.0,3,59000
616,0.146,62300,Akron,4,,16,34481,44314,39.23744809362024,6.644016610041525,38.3,18.867630238119997,25.014798153190483,1962,1.5779539448848623,2.0,19234.0,4,85000
617,0.12300000000000001,62300,Akron,4,,16,34481,44314,39.23744809362024,6.644016610041525,38.3,18.867630238119997,25.014798153190483,1926,1.5779539448848623,1.0,19234.0,3,23000
618,0.1598,62300,Akron,4,,16,34481,44314,39.23744809362024,6.644016610041525,38.3,18.867630238119997,25.014798153190483,1957,1.5779539448848623,2.0,19234.0,3,82500
619,0.0744,62300,Akron,4,,16,34481,44314,39.23744809362024,6.644016610041525,38.3,18.867630238119997,25.014798153190483,1928,1.5779539448848623,1.0,19234.0,2,34900
620,0.2167,62300,Akron,4,,16,34481,44314,39.23744809362024,6.644016610041525,38.3,18.867630238119997,25.014798153190483,1959,1.5779539448848623,1.0,19234.0,3,56000
621,0.1165,62300,Akron,4,,16,34481,44314,39.23744809362024,6.644016610041525,38.3,18.867630238119997,25.014798153190483,1950,1.5779539448848623,1.0,19234.0,2,44900
622,0.155,62300,Akron,4,,16,34481,44314,39.23744809362024,6.644016610041525,38.3,18.867630238119997,25.014798153190483,2000,1.5779539448848623,2.0,19234.0,3,40000
623,0.0882,62300,Akron,4,,16,34481,44314,39.23744809362024,6.644016610041525,38.3,18.867630238119997,25.014798153190483,1919,1.5779539448848623,1.0,19234.0,3,180000
624,0.1157,62300,Akron,4,,16,34481,44314,39.23744809362024,6.644016610041525,38.3,18.867630238119997,25.014798153190483,1927,1.5779539448848623,1.0,19234.0,2,32000
625,0.0525,62300,Akron,4,,16,34481,44314,39.23744809362024,6.644016610041525,38.3,18.867630238119997,25.014798153190483,1926,1.5779539448848623,1.0,19234.0,3,9000
626,0.0823,62300,Akron,4,,16,34481,44314,39.23744809362024,6.644016610041525,38.3,18.867630238119997,25.014798153190483,1919,1.5779539448848623,1.0,19234.0,3,15000
627,0.799,62300,Akron,4,,16,34481,44314,39.23744809362024,6.644016610041525,38.3,18.867630238119997,25.014798153190483,1953,1.5779539448848623,3.0,19234.0,3,180000
628,0.1756,62300,Akron,4,,16,34481,44314,39.23744809362024,6.644016610041525,38.3,18.867630238119997,25.014798153190483,1929,1.5779539448848623,1.0,19234.0,3,59000
629,0.1388,62300,Akron,4,,16,34481,44314,39.23744809362024,6.644016610041525,38.3,18.867630238119997,25.014798153190483,1957,1.5779539448848623,2.0,19234.0,3,94800
630,0.2176,62300,Akron,4,,16,34481,44314,39.23744809362024,6.644016610041525,38.3,18.867630238119997,25.014798153190483,1952,1.5779539448848623,1.0,19234.0,3,78500
631,0.124,62300,Akron,4,,16,34481,44314,39.23744809362024,6.644016610041525,38.3,18.867630238119997,25.014798153190483,1931,1.5779539448848623,1.0,19234.0,3,22200
632,0.141,62300,Akron,4,,16,34481,44314,39.23744809362024,6.644016610041525,38.3,18.867630238119997,25.014798153190483,1909,1.5779539448848623,1.0,19234.0,3,37580
633,0.2583,130500,Orrville,8,,64,53148,44667,37.14075165806927,13.559322033898304,38.7,1.6751743475447551,10.422018348623853,1955,8.221918096641751,2.0,13909.0,3,147000
634,0.2893,130500,Orrville,8,,64,53148,44667,37.14075165806927,13.559322033898304,38.7,1.6751743475447551,10.422018348623853,1984,8.221918096641751,3.0,13909.0,4,133000
635,0.109,130500,Orrville,8,,64,53148,44667,37.14075165806927,13.559322033898304,38.7,1.6751743475447551,10.422018348623853,1952,8.221918096641751,2.0,13909.0,2,120000
636,0.259,130500,Orrville,8,,64,53148,44667,37.14075165806927,13.559322033898304,38.7,1.6751743475447551,10.422018348623853,1992,8.221918096641751,1.0,13909.0,3,115000
637,0.0574,130500,Orrville,8,,64,53148,44667,37.14075165806927,13.559322033898304,38.7,1.6751743475447551,10.422018348623853,1930,8.221918096641751,1.0,13909.0,3,63300
638,0.13,130500,Orrville,8,,64,53148,44667,37.14075165806927,13.559322033898304,38.7,1.6751743475447551,10.422018348623853,1945,8.221918096641751,1.0,13909.0,4,100000
639,0.45899999999999996,130500,Orrville,8,,64,53148,44667,37.14075165806927,13.559322033898304,38.7,1.6751743475447551,10.422018348623853,1977,8.221918096641751,3.0,13909.0,4,120000
640,0.2755,155600,New Franklin,9,,81,72077,44216,36.21464829586657,15.997099347353155,46.1,0.8095888970665546,6.87066974595843,1962,6.091370558375635,1.0,9511.0,3,66000
641,0.34,155600,Clinton,9,,81,72077,44216,36.21464829586657,15.997099347353155,46.1,0.8095888970665546,6.87066974595843,1950,6.091370558375635,1.0,9511.0,3,150000
642,0.2462,155600,New Franklin,9,,81,72077,44216,36.21464829586657,15.997099347353155,46.1,0.8095888970665546,6.87066974595843,1948,6.091370558375635,1.0,9511.0,2,150000
644,0.9187,155600,Clinton,9,,81,72077,44216,36.21464829586657,15.997099347353155,46.1,0.8095888970665546,6.87066974595843,1977,6.091370558375635,3.0,9511.0,3,182000
645,0.5556,155600,Clinton,9,,81,72077,44216,36.21464829586657,15.997099347353155,46.1,0.8095888970665546,6.87066974595843,1974,6.091370558375635,2.0,9511.0,4,200000
646,0.2755,155600,New Franklin,9,,81,72077,44216,36.21464829586657,15.997099347353155,46.1,0.8095888970665546,6.87066974595843,1965,6.091370558375635,1.0,9511.0,3,75000
649,0.1915,104100,Windham,7,,49,42422,44288,45.39826661163847,8.666941807676434,38.4,2.6182206786000535,23.86039886039886,1977,3.0127940569541893,1.0,3743.0,3,68900
650,0.2066,104100,Windham,7,,49,42422,44288,45.39826661163847,8.666941807676434,38.4,2.6182206786000535,23.86039886039886,2001,3.0127940569541893,2.0,3743.0,3,70000
658,0.1756,86400,Akron,4,,16,28961,44302,27.533460803059274,19.120458891013385,35.7,39.85274683783274,30.954258675078865,1909,6.0639169625785305,2.0,5297.0,4,110000
659,0.1359,86400,Akron,4,,16,28961,44302,27.533460803059274,19.120458891013385,35.7,39.85274683783274,30.954258675078865,1916,6.0639169625785305,1.0,5297.0,3,17000
660,0.1377,86400,Akron,4,,16,28961,44302,27.533460803059274,19.120458891013385,35.7,39.85274683783274,30.954258675078865,1914,6.0639169625785305,1.0,5297.0,3,65000
661,0.1842,86400,Akron,4,,16,28961,44302,27.533460803059274,19.120458891013385,35.7,39.85274683783274,30.954258675078865,1993,6.0639169625785305,2.0,5297.0,3,80000
662,0.1607,86400,Akron,4,,16,28961,44302,27.533460803059274,19.120458891013385,35.7,39.85274683783274,30.954258675078865,1915,6.0639169625785305,2.0,5297.0,4,82000
663,0.1388,77600,Akron,4,,16,40316,44301,31.809262166405023,14.697802197802199,34.7,25.77858017925076,25.367008681925807,1913,3.1102825745682887,2.0,15509.0,3,70000
664,0.1102,77600,Akron,4,,16,40316,44301,31.809262166405023,14.697802197802199,34.7,25.77858017925076,25.367008681925807,1925,3.1102825745682887,1.0,15509.0,3,20000
665,0.1102,77600,Akron,4,,16,40316,44301,31.809262166405023,14.697802197802199,34.7,25.77858017925076,25.367008681925807,1929,3.1102825745682887,1.0,15509.0,3,42000
666,0.1074,77600,Akron,4,,16,40316,44301,31.809262166405023,14.697802197802199,34.7,25.77858017925076,25.367008681925807,1929,3.1102825745682887,1.0,15509.0,3,49900
667,0.1157,77600,Akron,4,,16,40316,44301,31.809262166405023,14.697802197802199,34.7,25.77858017925076,25.367008681925807,1920,3.1102825745682887,1.0,15509.0,3,57800
668,0.1578,77600,Akron,4,,16,40316,44301,31.809262166405023,14.697802197802199,34.7,25.77858017925076,25.367008681925807,1917,3.1102825745682887,1.0,15509.0,3,70000
669,0.1102,77600,Akron,4,,16,40316,44301,31.809262166405023,14.697802197802199,34.7,25.77858017925076,25.367008681925807,1939,3.1102825745682887,1.0,15509.0,3,63000
670,0.1157,77600,Akron,4,,16,40316,44301,31.809262166405023,14.697802197802199,34.7,25.77858017925076,25.367008681925807,1922,3.1102825745682887,1.0,15509.0,3,68900
671,0.142,77600,Akron,4,,16,40316,44301,31.809262166405023,14.697802197802199,34.7,25.77858017925076,25.367008681925807,1910,3.1102825745682887,1.0,15509.0,2,44560
672,0.1033,77600,Akron,4,,16,40316,44301,31.809262166405023,14.697802197802199,34.7,25.77858017925076,25.367008681925807,1928,3.1102825745682887,1.0,15509.0,2,52000
673,0.1205,77600,Akron,4,,16,40316,44301,31.809262166405023,14.697802197802199,34.7,25.77858017925076,25.367008681925807,1928,3.1102825745682887,1.0,15509.0,3,95900
674,0.1102,77600,Akron,4,,16,40316,44301,31.809262166405023,14.697802197802199,34.7,25.77858017925076,25.367008681925807,1928,3.1102825745682887,1.0,15509.0,3,120000
675,0.1446,77600,Akron,4,,16,40316,44301,31.809262166405023,14.697802197802199,34.7,25.77858017925076,25.367008681925807,1950,3.1102825745682887,1.0,15509.0,2,70000
676,0.1764,77600,Akron,4,,16,40316,44301,31.809262166405023,14.697802197802199,34.7,25.77858017925076,25.367008681925807,1949,3.1102825745682887,2.0,15509.0,3,119525
677,0.1102,77600,Akron,4,,16,40316,44301,31.809262166405023,14.697802197802199,34.7,25.77858017925076,25.367008681925807,1928,3.1102825745682887,1.0,15509.0,3,128800
678,0.1741,77600,Akron,4,,16,40316,44301,31.809262166405023,14.697802197802199,34.7,25.77858017925076,25.367008681925807,1937,3.1102825745682887,3.0,15509.0,4,66000
679,0.2468,77600,Akron,4,,16,40316,44301,31.809262166405023,14.697802197802199,34.7,25.77858017925076,25.367008681925807,1955,3.1102825745682887,1.0,15509.0,3,100000
680,0.1237,77600,Akron,4,,16,40316,44301,31.809262166405023,14.697802197802199,34.7,25.77858017925076,25.367008681925807,1920,3.1102825745682887,2.0,15509.0,2,51900
681,0.124,77600,Akron,4,,16,40316,44301,31.809262166405023,14.697802197802199,34.7,25.77858017925076,25.367008681925807,1918,3.1102825745682887,1.0,15509.0,3,48000
682,0.0955,77600,Akron,4,,16,40316,44301,31.809262166405023,14.697802197802199,34.7,25.77858017925076,25.367008681925807,1958,3.1102825745682887,2.0,15509.0,2,77000
683,0.1102,77600,Akron,4,,16,40316,44301,31.809262166405023,14.697802197802199,34.7,25.77858017925076,25.367008681925807,1931,3.1102825745682887,2.0,15509.0,3,105500
684,0.1102,77600,Akron,4,,16,40316,44301,31.809262166405023,14.697802197802199,34.7,25.77858017925076,25.367008681925807,1919,3.1102825745682887,1.0,15509.0,4,68000
685,0.1166,77600,Akron,4,,16,40316,44301,31.809262166405023,14.697802197802199,34.7,25.77858017925076,25.367008681925807,1939,3.1102825745682887,2.0,15509.0,3,95900
686,0.1102,77600,Akron,4,,16,40316,44301,31.809262166405023,14.697802197802199,34.7,25.77858017925076,25.367008681925807,1918,3.1102825745682887,1.0,15509.0,3,30000
687,0.1212,77600,Akron,4,,16,40316,44301,31.809262166405023,14.697802197802199,34.7,25.77858017925076,25.367008681925807,1929,3.1102825745682887,1.0,15509.0,3,60000
688,0.1148,77600,Akron,4,,16,40316,44301,31.809262166405023,14.697802197802199,34.7,25.77858017925076,25.367008681925807,1919,3.1102825745682887,1.0,15509.0,3,9500
689,0.1935,146300,Cuyahoga Falls,8,,64,59809,44223,27.06548347613219,25.313647490820074,45.2,2.3855177080983534,8.629441624365482,1955,9.4859241126071,1.0,17732.0,4,103000
690,0.1423,146300,Cuyahoga Falls,8,,64,59809,44223,27.06548347613219,25.313647490820074,45.2,2.3855177080983534,8.629441624365482,1948,9.4859241126071,1.0,17732.0,3,125000
691,0.1515,146300,Cuyahoga Falls,8,,64,59809,44223,27.06548347613219,25.313647490820074,45.2,2.3855177080983534,8.629441624365482,1940,9.4859241126071,1.0,17732.0,3,132000
692,0.1942,146300,Cuyahoga Falls,8,,64,59809,44223,27.06548347613219,25.313647490820074,45.2,2.3855177080983534,8.629441624365482,1958,9.4859241126071,2.0,17732.0,3,96000
694,0.149,146300,Cuyahoga Falls,8,,64,59809,44223,27.06548347613219,25.313647490820074,45.2,2.3855177080983534,8.629441624365482,1950,9.4859241126071,1.0,17732.0,3,67000
695,0.5124,146300,Cuyahoga Falls,8,,64,59809,44223,27.06548347613219,25.313647490820074,45.2,2.3855177080983534,8.629441624365482,1964,9.4859241126071,3.0,17732.0,4,185000
696,0.4821,146300,Cuyahoga Falls,8,,64,59809,44223,27.06548347613219,25.313647490820074,45.2,2.3855177080983534,8.629441624365482,1988,9.4859241126071,5.0,17732.0,3,290000
697,0.1295,146300,Cuyahoga Falls,8,,64,59809,44223,27.06548347613219,25.313647490820074,45.2,2.3855177080983534,8.629441624365482,2017,9.4859241126071,3.0,17732.0,4,281610
698,0.4591,149000,Kent,8,,64,45181,44240,23.34293948126801,20.172910662824208,28.7,6.652954470429903,13.42973907576234,1960,13.351044668587896,2.0,39381.0,4,154900
701,0.287,149000,Kent,8,,64,45181,44240,23.34293948126801,20.172910662824208,28.7,6.652954470429903,13.42973907576234,2014,13.351044668587896,4.0,39381.0,4,260500
704,0.2208,149000,Kent,8,,64,45181,44240,23.34293948126801,20.172910662824208,28.7,6.652954470429903,13.42973907576234,1960,13.351044668587896,2.0,39381.0,3,50000
705,0.4959,149000,Kent,8,,64,45181,44240,23.34293948126801,20.172910662824208,28.7,6.652954470429903,13.42973907576234,1957,13.351044668587896,2.0,39381.0,4,14000
707,0.1469,149000,Kent,8,,64,45181,44240,23.34293948126801,20.172910662824208,28.7,6.652954470429903,13.42973907576234,1980,13.351044668587896,2.0,39381.0,3,169900
708,0.45799999999999996,149000,Kent,8,,64,45181,44240,23.34293948126801,20.172910662824208,28.7,6.652954470429903,13.42973907576234,1983,13.351044668587896,3.0,39381.0,3,290000
709,0.34,149000,Kent,8,,64,45181,44240,23.34293948126801,20.172910662824208,28.7,6.652954470429903,13.42973907576234,2014,13.351044668587896,4.0,39381.0,4,373000
710,0.2523,149000,Kent,8,,64,45181,44240,23.34293948126801,20.172910662824208,28.7,6.652954470429903,13.42973907576234,1973,13.351044668587896,2.0,39381.0,3,146500
712,0.2497,173400,Seville,7,,49,65430,44273,39.25604229607251,15.37009063444109,48.2,0.6539509536784741,5.181529784984138,1980,3.8897280966767376,2.0,7340.0,2,140000
723,0.5,161700,Dalton,9,,81,59318,44618,35.740159381791834,13.06447717942526,36.5,0.34906662619517376,6.25,1948,6.375271673508815,2.0,6589.0,4,108100
727,0.2045,107400,New London,6,,36,41453,44851,38.43224373214852,8.187876864487464,36.9,1.2905911740216487,16.328708644610458,1953,2.2532529355760076,2.0,4804.0,2,34500
728,0.5564,173000,Uniontown,10,,100,78226,44685,27.50412695031684,23.95228712924011,42.0,1.283752286011403,5.555555555555555,1999,9.846104691410618,4.0,27887.0,4,312000
729,0.5036,173000,Uniontown,10,,100,78226,44685,27.50412695031684,23.95228712924011,42.0,1.283752286011403,5.555555555555555,2016,9.846104691410618,3.0,27887.0,4,340000
731,0.5568,173000,Uniontown,10,,100,78226,44685,27.50412695031684,23.95228712924011,42.0,1.283752286011403,5.555555555555555,1989,9.846104691410618,3.0,27887.0,3,350000
732,0.462,173000,Uniontown,10,,100,78226,44685,27.50412695031684,23.95228712924011,42.0,1.283752286011403,5.555555555555555,2007,9.846104691410618,5.0,27887.0,4,360000
733,0.4729,173000,Uniontown,10,,100,78226,44685,27.50412695031684,23.95228712924011,42.0,1.283752286011403,5.555555555555555,1979,9.846104691410618,2.0,27887.0,3,268000
734,0.3409,173000,Uniontown,10,,100,78226,44685,27.50412695031684,23.95228712924011,42.0,1.283752286011403,5.555555555555555,1983,9.846104691410618,2.0,27887.0,4,184000
735,0.5188,173000,Uniontown,10,,100,78226,44685,27.50412695031684,23.95228712924011,42.0,1.283752286011403,5.555555555555555,1975,9.846104691410618,2.0,27887.0,3,195000
736,0.7521,173000,Uniontown,10,,100,78226,44685,27.50412695031684,23.95228712924011,42.0,1.283752286011403,5.555555555555555,1967,9.846104691410618,2.0,27887.0,3,173000
737,0.5368,173000,Uniontown,10,,100,78226,44685,27.50412695031684,23.95228712924011,42.0,1.283752286011403,5.555555555555555,1988,9.846104691410618,3.0,27887.0,4,285000
738,0.3214,173000,Uniontown,10,,100,78226,44685,27.50412695031684,23.95228712924011,42.0,1.283752286011403,5.555555555555555,2004,9.846104691410618,3.0,27887.0,3,239900
739,0.3005,173000,Uniontown,10,,100,78226,44685,27.50412695031684,23.95228712924011,42.0,1.283752286011403,5.555555555555555,2000,9.846104691410618,4.0,27887.0,4,293500
740,0.47,173000,Uniontown,10,,100,78226,44685,27.50412695031684,23.95228712924011,42.0,1.283752286011403,5.555555555555555,1982,9.846104691410618,2.0,27887.0,3,169900
741,0.3489,173000,Uniontown,10,,100,78226,44685,27.50412695031684,23.95228712924011,42.0,1.283752286011403,5.555555555555555,1996,9.846104691410618,4.0,27887.0,4,205000
742,0.6942,173000,Uniontown,10,,100,78226,44685,27.50412695031684,23.95228712924011,42.0,1.283752286011403,5.555555555555555,1976,9.846104691410618,3.0,27887.0,3,154500
743,0.2978,173000,Uniontown,10,,100,78226,44685,27.50412695031684,23.95228712924011,42.0,1.283752286011403,5.555555555555555,2002,9.846104691410618,2.0,27887.0,3,235000
744,0.8316,173000,Uniontown,10,,100,78226,44685,27.50412695031684,23.95228712924011,42.0,1.283752286011403,5.555555555555555,1993,9.846104691410618,3.0,27887.0,4,215000
745,0.1212,83400,Akron,4,,16,19524,44304,27.806788511749346,18.603133159268932,21.0,26.31089624395686,25.469728601252612,1912,11.74934725848564,1.0,5378.0,4,55100
746,0.1047,83400,Akron,4,,16,19524,44304,27.806788511749346,18.603133159268932,21.0,26.31089624395686,25.469728601252612,1909,11.74934725848564,1.0,5378.0,3,53500
747,0.076,83400,Akron,4,,16,19524,44304,27.806788511749346,18.603133159268932,21.0,26.31089624395686,25.469728601252612,1911,11.74934725848564,1.0,5378.0,4,220000
748,0.955,142400,Wooster,8,,64,50642,44691,34.15534306324442,15.363194094950511,40.8,2.4661246612466123,14.756847400782561,1993,7.871162556618017,3.0,44280.0,3,202000
749,0.3099,142400,Wooster,8,,64,50642,44691,34.15534306324442,15.363194094950511,40.8,2.4661246612466123,14.756847400782561,1951,7.871162556618017,2.0,44280.0,3,127500
750,0.462,142400,Wooster,8,,64,50642,44691,34.15534306324442,15.363194094950511,40.8,2.4661246612466123,14.756847400782561,1953,7.871162556618017,2.0,44280.0,3,189000
751,0.4307,142400,Wooster,8,,64,50642,44691,34.15534306324442,15.363194094950511,40.8,2.4661246612466123,14.756847400782561,1957,7.871162556618017,1.0,44280.0,2,162900
753,0.3444,142400,Wooster,8,,64,50642,44691,34.15534306324442,15.363194094950511,40.8,2.4661246612466123,14.756847400782561,1952,7.871162556618017,2.0,44280.0,3,130000
755,0.1377,142400,Wooster,8,,64,50642,44691,34.15534306324442,15.363194094950511,40.8,2.4661246612466123,14.756847400782561,1952,7.871162556618017,2.0,44280.0,2,97000
756,0.1334,142400,Wooster,8,,64,50642,44691,34.15534306324442,15.363194094950511,40.8,2.4661246612466123,14.756847400782561,1992,7.871162556618017,3.0,44280.0,3,141000
757,0.2227,142400,Wooster,8,,64,50642,44691,34.15534306324442,15.363194094950511,40.8,2.4661246612466123,14.756847400782561,2004,7.871162556618017,2.0,44280.0,2,182000
759,0.46,142400,Wooster,8,,64,50642,44691,34.15534306324442,15.363194094950511,40.8,2.4661246612466123,14.756847400782561,1950,7.871162556618017,4.0,44280.0,6,47500
760,0.1085,142400,Wooster,8,,64,50642,44691,34.15534306324442,15.363194094950511,40.8,2.4661246612466123,14.756847400782561,1928,7.871162556618017,1.0,44280.0,3,66000
761,0.3444,142400,Wooster,8,,64,50642,44691,34.15534306324442,15.363194094950511,40.8,2.4661246612466123,14.756847400782561,1969,7.871162556618017,3.0,44280.0,4,130000
764,0.28,142400,Wooster,8,,64,50642,44691,34.15534306324442,15.363194094950511,40.8,2.4661246612466123,14.756847400782561,1909,7.871162556618017,1.0,44280.0,4,184400
766,0.225,142400,Wooster,8,,64,50642,44691,34.15534306324442,15.363194094950511,40.8,2.4661246612466123,14.756847400782561,1949,7.871162556618017,2.0,44280.0,3,70000
768,0.3372,142400,Wooster,8,,64,50642,44691,34.15534306324442,15.363194094950511,40.8,2.4661246612466123,14.756847400782561,1950,7.871162556618017,2.0,44280.0,2,126900
774,0.376,142400,Wooster,8,,64,50642,44691,34.15534306324442,15.363194094950511,40.8,2.4661246612466123,14.756847400782561,1951,7.871162556618017,2.0,44280.0,4,177000
775,0.6129,142400,Wooster,8,,64,50642,44691,34.15534306324442,15.363194094950511,40.8,2.4661246612466123,14.756847400782561,1865,7.871162556618017,2.0,44280.0,3,205000
778,0.3673,206100,Twinsburg,10,,100,72602,44087,23.8300935925126,27.68178545716343,42.1,17.19900521773053,8.20204449789537,1993,13.78689704823614,3.0,20507.0,4,26000
779,0.4706,206100,Twinsburg,10,,100,72602,44087,23.8300935925126,27.68178545716343,42.1,17.19900521773053,8.20204449789537,2001,13.78689704823614,3.0,20507.0,4,309900
780,0.2927,206100,Twinsburg,10,,100,72602,44087,23.8300935925126,27.68178545716343,42.1,17.19900521773053,8.20204449789537,1968,13.78689704823614,2.0,20507.0,3,205000
781,0.2612,206100,Twinsburg,10,,100,72602,44087,23.8300935925126,27.68178545716343,42.1,17.19900521773053,8.20204449789537,1984,13.78689704823614,2.0,20507.0,3,233500
782,0.3068,206100,Twinsburg,10,,100,72602,44087,23.8300935925126,27.68178545716343,42.1,17.19900521773053,8.20204449789537,1996,13.78689704823614,3.0,20507.0,4,30000
783,0.5152,206100,Twinsburg,10,,100,72602,44087,23.8300935925126,27.68178545716343,42.1,17.19900521773053,8.20204449789537,1995,13.78689704823614,3.0,20507.0,3,27000
784,0.4319,206100,Twinsburg,10,,100,72602,44087,23.8300935925126,27.68178545716343,42.1,17.19900521773053,8.20204449789537,2007,13.78689704823614,4.0,20507.0,4,320000
785,0.4726,206100,Twinsburg,10,,100,72602,44087,23.8300935925126,27.68178545716343,42.1,17.19900521773053,8.20204449789537,2017,13.78689704823614,4.0,20507.0,5,514810
786,0.0812,206100,Twinsburg,10,,100,72602,44087,23.8300935925126,27.68178545716343,42.1,17.19900521773053,8.20204449789537,1996,13.78689704823614,3.0,20507.0,2,240000
789,0.92,142100,Garrettsville,7,,49,52321,44231,41.111457036114565,11.939601494396015,45.5,0.13464991023339318,8.783969256107603,1954,4.794520547945205,1.0,8912.0,2,148000
790,0.978,142100,Garrettsville,7,,49,52321,44231,41.111457036114565,11.939601494396015,45.5,0.13464991023339318,8.783969256107603,2003,4.794520547945205,3.0,8912.0,3,228000
792,0.344,140600,Lodi,7,,49,46309,44254,41.50836404876665,8.335696058973632,46.6,1.3704233994681938,19.062027231467475,1960,5.443719875248086,1.0,4889.0,3,149000
793,0.3375,140600,Lodi,7,,49,46309,44254,41.50836404876665,8.335696058973632,46.6,1.3704233994681938,19.062027231467475,1943,5.443719875248086,2.0,4889.0,3,182500
794,0.1148,140600,Lodi,7,,49,46309,44254,41.50836404876665,8.335696058973632,46.6,1.3704233994681938,19.062027231467475,1908,5.443719875248086,1.0,4889.0,3,15000
795,0.9152,223600,Canton,10,,100,71613,44718,21.83204343305995,27.503754187362826,46.4,4.496387590310242,7.547915431732859,1957,10.153632898232644,2.0,11765.0,3,30000
797,0.3375,223600,Canton,10,,100,71613,44718,21.83204343305995,27.503754187362826,46.4,4.496387590310242,7.547915431732859,1989,10.153632898232644,3.0,11765.0,4,292000
801,0.5014,223600,Canton,10,,100,71613,44718,21.83204343305995,27.503754187362826,46.4,4.496387590310242,7.547915431732859,1938,10.153632898232644,2.0,11765.0,2,140000
804,0.3357,223600,Canton,10,,100,71613,44718,21.83204343305995,27.503754187362826,46.4,4.496387590310242,7.547915431732859,1941,10.153632898232644,1.0,11765.0,3,120000
808,0.4824,167100,Hartville,9,,81,60000,44632,34.49150014912019,19.49000894721145,45.0,0.5833686890114552,7.381615598885793,2016,6.456904264837458,3.0,9428.0,4,330000
810,0.3,159000,Wellington,6,,36,62591,44090,37.624117717430316,10.958248594329465,44.9,0.417910447761194,6.115810019518542,1998,5.084340232085178,2.0,11725.0,3,166800
811,0.37,159000,Wellington,6,,36,62591,44090,37.624117717430316,10.958248594329465,44.9,0.417910447761194,6.115810019518542,1900,5.084340232085178,2.0,11725.0,4,127000
815,0.2562,142800,Mantua,6,,36,52613,44255,42.56710254645561,9.927735719201653,44.4,0.6123919308357348,9.35897435897436,1978,3.3723331039229176,2.0,8328.0,3,229900
819,0.396,154300,Marshallville,9,,81,65568,44645,39.9872040946897,16.122840690978887,46.0,0.745920745920746,7.337278106508875,1985,2.815099168266155,1.0,2145.0,3,130500
827,0.532,166700,Atwater,6,,36,63493,44201,37.549161664251706,14.69675015524736,43.7,0.3303648376903189,8.981804103755325,1955,5.588904988615194,1.0,6962.0,3,33000
828,0.44,125600,Middleburg Heights,7,,49,53059,44130,28.070415220184238,18.494929338763907,43.6,5.0432538162166525,10.896940491885257,1973,7.530820326381106,3.0,49591.0,4,239800
831,0.1722,135200,Sterling,10,,100,73182,44276,44.29260450160772,8.360128617363344,38.7,1.1434511434511436,5.120481927710843,1914,3.938906752411576,2.0,1924.0,4,105000
832,0.15,192400,Columbia Station,8,,64,76352,44028,31.002475247524753,11.865717821782178,45.6,0.03320788133717069,9.171237050578915,2013,6.528465346534654,3.0,9034.0,4,245000
833,0.13,192400,Columbia Station,8,,64,76352,44028,31.002475247524753,11.865717821782178,45.6,0.03320788133717069,9.171237050578915,1944,6.528465346534654,2.0,9034.0,3,8000
